source,moratorium_id,state,jurisdiction,jurisdiction_type,enacted_status,date_enacted_iso,month,sectors,county_fips,match_kind,candidate_fips,transform_version,geo_policy
moratorium_nation,al-birmingham-2026,AL,Birmingham,City,active,2026-03-03,2026-03,"[""data_center""]",,ambiguous_place,01073|01117,c_moratoria_geo_stub_v0,best_effort_place_county_stub_no_invented_fips
moratorium_nation,al-cullman-2026,AL,Cullman,City,active,2026-06,2026-06,"[""data_center""]",01043,place,,c_moratoria_geo_stub_v0,best_effort_place_county_stub_no_invented_fips
moratorium_nation,al-fairfield-2026,AL,Fairfield,City,active,2026-07-27,2026-07,"[""data_center""]",01073,place,,c_moratoria_geo_stub_v0,best_effort_place_county_stub_no_invented_fips
moratorium_nation,al-fort-payne-2026,AL,Fort Payne,City,active,2026-06-16,2026-06,"[""data_center""]",01049,place,,c_moratoria_geo_stub_v0,best_effort_place_county_stub_no_invented_fips
moratorium_nation,al-homewood-2026,AL,Homewood,City,active,2026-06-22,2026-06,"[""data_center""]",01073,place,,c_moratoria_geo_stub_v0,best_effort_place_county_stub_no_invented_fips
moratorium_nation,al-hueytown-undated,AL,Hueytown,City,pending,,,"[""data_center""]",01073,place,,c_moratoria_geo_stub_v0,best_effort_place_county_stub_no_invented_fips
moratorium_nation,al-leeds-2026,AL,Leeds,City,active,2026-06-08,2026-06,"[""data_center""]",,ambiguous_place,01073|01115|01117,c_moratoria_geo_stub_v0,best_effort_place_county_stub_no_invented_fips
moratorium_nation,al-morgan-county-2026,AL,Morgan County,County,active,2026-06-23,2026-06,"[""cryptocurrency_mining""]",01103,county,,c_moratoria_geo_stub_v0,best_effort_place_county_stub_no_invented_fips
moratorium_nation,al-prichard-undated,AL,Prichard,City,pending,,,"[""data_center""]",01097,place,,c_moratoria_geo_stub_v0,best_effort_place_county_stub_no_invented_fips
moratorium_nation,al-somerville-2026,AL,Somerville,Town,active,2026-07,2026-07,"[""cryptocurrency_mining""]",01103,place,,c_moratoria_geo_stub_v0,best_effort_place_county_stub_no_invented_fips
moratorium_nation,ar-carroll-county-2026,AR,Carroll County,County,active,2026-06-16,2026-06,"[""data_center"",""cryptocurrency_mining""]",05015,county,,c_moratoria_geo_stub_v0,best_effort_place_county_stub_no_invented_fips
moratorium_nation,ar-harrison-2023,AR,Harrison,City,rescinded,2023-05-30,2023-05,"[""data_center"", ""cryptocurrency_mining""]",05009,place,,c_moratoria_geo_stub_v0,best_effort_place_county_stub_no_invented_fips
moratorium_nation,ar-russellville-2026,AR,Russellville,City,active,2026-07-16,2026-07,"[""data_center""]",05115,place,,c_moratoria_geo_stub_v0,best_effort_place_county_stub_no_invented_fips
moratorium_nation,ar-union-county-2026,AR,Union County,County,active,2026-06-30,2026-06,"[""data_center""]",05139,county,,c_moratoria_geo_stub_v0,best_effort_place_county_stub_no_invented_fips
moratorium_nation,ca-calipatria-undated,CA,Calipatria,City,pending,,,"[""data_center""]",06025,place,,c_moratoria_geo_stub_v0,best_effort_place_county_stub_no_invented_fips
moratorium_nation,ca-coachella-2026,CA,Coachella,City,extended,2026-06-04,2026-06,"[""data_center""]",06065,place,,c_moratoria_geo_stub_v0,best_effort_place_county_stub_no_invented_fips
moratorium_nation,ca-desert-hot-springs-2026,CA,Desert Hot Springs,City,extended,2026-06-16,2026-06,"[""data_center""]",06065,place,,c_moratoria_geo_stub_v0,best_effort_place_county_stub_no_invented_fips
moratorium_nation,ca-el-monte-2026,CA,El Monte,City,extended,2026-03-18,2026-03,"[""data_center""]",06037,place,,c_moratoria_geo_stub_v0,best_effort_place_county_stub_no_invented_fips
moratorium_nation,ca-imperial-2026,CA,Imperial,City,expired,2026-06-03,2026-06,"[""data_center"",""battery_storage""]",06025,place,,c_moratoria_geo_stub_v0,best_effort_place_county_stub_no_invented_fips
moratorium_nation,ca-imperial-county-2026,CA,Imperial County,County,extended,2026-06-17,2026-06,"[""data_center""]",06025,county,,c_moratoria_geo_stub_v0,best_effort_place_county_stub_no_invented_fips
moratorium_nation,ca-indio-2026,CA,Indio,City,extended,2026-06-03,2026-06,"[""data_center""]",06065,place,,c_moratoria_geo_stub_v0,best_effort_place_county_stub_no_invented_fips
moratorium_nation,ca-irwindale-undated,CA,Irwindale,City,pending,,,"[""data_center""]",06037,place,,c_moratoria_geo_stub_v0,best_effort_place_county_stub_no_invented_fips
moratorium_nation,ca-montebello-2026,CA,Montebello,City,expired,2026-02-11,2026-02,"[""data_center""]",06037,place,,c_moratoria_geo_stub_v0,best_effort_place_county_stub_no_invented_fips
moratorium_nation,ca-monterey-park-2026,CA,Monterey Park,City,replaced,2026-01-21,2026-01,"[""data_center""]",06037,place,,c_moratoria_geo_stub_v0,best_effort_place_county_stub_no_invented_fips
moratorium_nation,ca-oakley-2026,CA,Oakley,City,extended,2026-04-14,2026-04,"[""data_center""]",06013,place,,c_moratoria_geo_stub_v0,best_effort_place_county_stub_no_invented_fips
moratorium_nation,co-archuleta-county-2026,CO,Archuleta County,County,active,2026-06-16,2026-06,"[""data_center""]",08007,county,,c_moratoria_geo_stub_v0,best_effort_place_county_stub_no_invented_fips
moratorium_nation,co-boulder-county-2026,CO,Boulder County,County,active,2026-06-02,2026-06,"[""data_center""]",08013,county,,c_moratoria_geo_stub_v0,best_effort_place_county_stub_no_invented_fips
moratorium_nation,co-broomfield-2026,CO,Broomfield,City,active,2026-07-07,2026-07,"[""data_center""]",08014,place,,c_moratoria_geo_stub_v0,best_effort_place_county_stub_no_invented_fips
moratorium_nation,co-buena-vista-2026,CO,Buena Vista,Town,active,2026-06-09,2026-06,"[""data_center""]",08015,place,,c_moratoria_geo_stub_v0,best_effort_place_county_stub_no_invented_fips
moratorium_nation,co-delta-county-2026,CO,Delta County,County,active,2026-07-07,2026-07,"[""data_center""]",08029,county,,c_moratoria_geo_stub_v0,best_effort_place_county_stub_no_invented_fips
moratorium_nation,co-denver-2026,CO,Denver,City,active,2026-05-18,2026-05,"[""data_center""]",08031,place,,c_moratoria_geo_stub_v0,best_effort_place_county_stub_no_invented_fips
moratorium_nation,co-hudson-2026,CO,Hudson,Town,active,2026-07-01,2026-07,"[""data_center""]",08123,place,,c_moratoria_geo_stub_v0,best_effort_place_county_stub_no_invented_fips
moratorium_nation,co-jefferson-county-2026,CO,Jefferson County,County,active,2026-05-19,2026-05,"[""data_center""]",08059,county,,c_moratoria_geo_stub_v0,best_effort_place_county_stub_no_invented_fips
moratorium_nation,co-larimer-county-2026,CO,Larimer County,County,extended,2026-01-27,2026-01,"[""data_center""]",08069,county,,c_moratoria_geo_stub_v0,best_effort_place_county_stub_no_invented_fips
moratorium_nation,co-logan-county-2025,CO,Logan County,County,replaced,2025-10-21,2025-10,"[""data_center"", ""battery_storage"", ""solar"", ""wind""]",08075,county,,c_moratoria_geo_stub_v0,best_effort_place_county_stub_no_invented_fips
moratorium_nation,co-monument-2026,CO,Monument,Town,active,2026-07-20,2026-07,"[""data_center""]",08041,place,,c_moratoria_geo_stub_v0,best_effort_place_county_stub_no_invented_fips
moratorium_nation,co-south-fork-2026,CO,South Fork,Town,active,2026-06-18,2026-06,"[""data_center""]",08105,place,,c_moratoria_geo_stub_v0,best_effort_place_county_stub_no_invented_fips
moratorium_nation,co-woodland-park-2026,CO,Woodland Park,City,active,2026-07-16,2026-07,"[""data_center""]",08119,place,,c_moratoria_geo_stub_v0,best_effort_place_county_stub_no_invented_fips
moratorium_nation,ct-groton-2022,CT,Groton,Town,replaced,2022-06-14,2022-06,"[""data_center""]",09011,place,,c_moratoria_geo_stub_v0,best_effort_place_county_stub_no_invented_fips
moratorium_nation,ct-morris-2026,CT,Morris,Town,active,2026-05,2026-05,"[""battery_storage"", ""data_center""]",,unmatched,,c_moratoria_geo_stub_v0,best_effort_place_county_stub_no_invented_fips
moratorium_nation,ct-new-haven-undated,CT,New Haven,City,pending,,,"[""data_center""]",09009,place,,c_moratoria_geo_stub_v0,best_effort_place_county_stub_no_invented_fips
moratorium_nation,ct-west-haven-2026,CT,West Haven,City,active,2026-06-08,2026-06,"[""data_center""]",09009,place,,c_moratoria_geo_stub_v0,best_effort_place_county_stub_no_invented_fips
moratorium_nation,fl-citrus-county-2026,FL,Citrus County,County,active,2026-05-26,2026-05,"[""data_center""]",12017,county,,c_moratoria_geo_stub_v0,best_effort_place_county_stub_no_invented_fips
moratorium_nation,fl-clay-county-2026,FL,Clay County,County,active,2026-06-23,2026-06,"[""data_center""]",12019,county,,c_moratoria_geo_stub_v0,best_effort_place_county_stub_no_invented_fips
moratorium_nation,fl-hernando-county-2026,FL,Hernando County,County,active,2026-06-23,2026-06,"[""data_center""]",12053,county,,c_moratoria_geo_stub_v0,best_effort_place_county_stub_no_invented_fips
moratorium_nation,fl-lakeland-undated,FL,Lakeland,City,active,2026-08-03,2026-08,"[""data_center""]",12105,place,,c_moratoria_geo_stub_v0,best_effort_place_county_stub_no_invented_fips
moratorium_nation,fl-lynn-haven-2026,FL,Lynn Haven,City,active,2026-06-23,2026-06,"[""data_center""]",12005,place,,c_moratoria_geo_stub_v0,best_effort_place_county_stub_no_invented_fips
moratorium_nation,fl-madison-county-2026,FL,Madison County,County,active,2026-07-22,2026-07,"[""data_center""]",12079,county,,c_moratoria_geo_stub_v0,best_effort_place_county_stub_no_invented_fips
moratorium_nation,fl-nassau-county-2026,FL,Nassau County,County,active,2026-06-08,2026-06,"[""data_center"",""cryptocurrency_mining""]",12089,county,,c_moratoria_geo_stub_v0,best_effort_place_county_stub_no_invented_fips
moratorium_nation,fl-palm-beach-county-2026,FL,Palm Beach County,County,active,2026-07-07,2026-07,"[""data_center""]",12099,county,,c_moratoria_geo_stub_v0,best_effort_place_county_stub_no_invented_fips
moratorium_nation,fl-pasco-county-2026,FL,Pasco County,County,active,2026-07-14,2026-07,"[""data_center""]",12101,county,,c_moratoria_geo_stub_v0,best_effort_place_county_stub_no_invented_fips
moratorium_nation,fl-pensacola-undated,FL,Pensacola,City,pending,,,"[""data_center""]",12033,place,,c_moratoria_geo_stub_v0,best_effort_place_county_stub_no_invented_fips
moratorium_nation,fl-pinellas-park-undated,FL,Pinellas Park,City,pending,,,"[""data_center""]",12103,place,,c_moratoria_geo_stub_v0,best_effort_place_county_stub_no_invented_fips
moratorium_nation,fl-santa-rosa-county-2026,FL,Santa Rosa County,County,active,2026-07-23,2026-07,"[""data_center""]",12113,county,,c_moratoria_geo_stub_v0,best_effort_place_county_stub_no_invented_fips
moratorium_nation,fl-sarasota-county-2026,FL,Sarasota County,County,active,2026-07-08,2026-07,"[""data_center""]",12115,county,,c_moratoria_geo_stub_v0,best_effort_place_county_stub_no_invented_fips
moratorium_nation,fl-zephyrhills-2026,FL,Zephyrhills,City,active,2026-06-22,2026-06,"[""data_center""]",12101,place,,c_moratoria_geo_stub_v0,best_effort_place_county_stub_no_invented_fips
moratorium_nation,ga-adel-cook-county-2026,GA,Adel (Cook County),City,active,2026-07-06,2026-07,"[""data_center""]",13075,place,,c_moratoria_geo_stub_v0,best_effort_place_county_stub_no_invented_fips
moratorium_nation,ga-albany-2026,GA,Albany,City,active,2026-07-28,2026-07,"[""data_center""]",13095,place,,c_moratoria_geo_stub_v0,best_effort_place_county_stub_no_invented_fips
moratorium_nation,ga-athens-clarke-county-2025,GA,Athens-Clarke County,County,replaced,2025-12-02,2025-12,"[""data_center""]",,unmatched,,c_moratoria_geo_stub_v0,best_effort_place_county_stub_no_invented_fips
moratorium_nation,ga-augusta-richmond-county-undated,GA,Augusta-Richmond County,County,extended,2026-06-02,2026-06,"[""data_center""]",,unmatched,,c_moratoria_geo_stub_v0,best_effort_place_county_stub_no_invented_fips
moratorium_nation,ga-brooks-county-2026,GA,Brooks County,County,extended,2026-02-02,2026-02,"[""data_center""]",13027,county,,c_moratoria_geo_stub_v0,best_effort_place_county_stub_no_invented_fips
moratorium_nation,ga-bulloch-county-2026,GA,Bulloch County,County,extended,2026-02-17,2026-02,"[""data_center""]",13031,county,,c_moratoria_geo_stub_v0,best_effort_place_county_stub_no_invented_fips
moratorium_nation,ga-calhoun-gordon-county-undated,GA,Calhoun (Gordon County),City,extended,,,"[""data_center""]",13037,county,,c_moratoria_geo_stub_v0,best_effort_place_county_stub_no_invented_fips
moratorium_nation,ga-camden-county-2026,GA,Camden County,County,active,2026-05,2026-05,"[""data_center""]",13039,county,,c_moratoria_geo_stub_v0,best_effort_place_county_stub_no_invented_fips
moratorium_nation,ga-carroll-county-2026,GA,Carroll County,County,extended,2026-03-03,2026-03,"[""data_center"",""battery_storage""]",13045,county,,c_moratoria_geo_stub_v0,best_effort_place_county_stub_no_invented_fips
moratorium_nation,ga-cedartown-2026,GA,Cedartown,City,active,2026-03-23,2026-03,"[""data_center""]",13233,place,,c_moratoria_geo_stub_v0,best_effort_place_county_stub_no_invented_fips
moratorium_nation,ga-cherokee-county-2026,GA,Cherokee County,County,active,2026-07-22,2026-07,"[""data_center""]",13057,county,,c_moratoria_geo_stub_v0,best_effort_place_county_stub_no_invented_fips
moratorium_nation,ga-clayton-county-2025,GA,Clayton County,County,extended,2025-09-03,2025-09,"[""data_center""]",13063,county,,c_moratoria_geo_stub_v0,best_effort_place_county_stub_no_invented_fips
moratorium_nation,ga-cobb-county-2026,GA,Cobb County,County,active,2026-02-24,2026-02,"[""data_center""]",13067,county,,c_moratoria_geo_stub_v0,best_effort_place_county_stub_no_invented_fips
moratorium_nation,ga-covington-2026,GA,Covington,City,active,2026-01-05,2026-01,"[""data_center""]",13217,place,,c_moratoria_geo_stub_v0,best_effort_place_county_stub_no_invented_fips
moratorium_nation,ga-coweta-county-2025,GA,Coweta County,County,replaced,2025-05-06,2025-05,"[""data_center""]",13077,county,,c_moratoria_geo_stub_v0,best_effort_place_county_stub_no_invented_fips
moratorium_nation,ga-dekalb-county-2025,GA,DeKalb County,County,extended,2025-06-25,2025-06,"[""data_center""]",13089,county,,c_moratoria_geo_stub_v0,best_effort_place_county_stub_no_invented_fips
moratorium_nation,ga-decatur-county-2026,GA,Decatur County,County,active,2026-04-14,2026-04,"[""data_center""]",13087,county,,c_moratoria_geo_stub_v0,best_effort_place_county_stub_no_invented_fips
moratorium_nation,ga-dougherty-county-2026,GA,Dougherty County,County,active,2026-07-21,2026-07,"[""data_center""]",13095,county,,c_moratoria_geo_stub_v0,best_effort_place_county_stub_no_invented_fips
moratorium_nation,ga-douglas-county-2025,GA,Douglas County,County,expired,2025-03-18,2025-03,"[""data_center""]",13097,county,,c_moratoria_geo_stub_v0,best_effort_place_county_stub_no_invented_fips
moratorium_nation,ga-east-point-fulton-county-undated,GA,East Point (Fulton County),City,extended,,,"[""data_center""]",13121,place,,c_moratoria_geo_stub_v0,best_effort_place_county_stub_no_invented_fips
moratorium_nation,ga-fayetteville-2026,GA,Fayetteville,City,replaced,2026-01-29,2026-01,"[""data_center""]",13113,place,,c_moratoria_geo_stub_v0,best_effort_place_county_stub_no_invented_fips
moratorium_nation,ga-floyd-county-2026,GA,Floyd County,County,active,2026-06-09,2026-06,"[""data_center""]",13115,county,,c_moratoria_geo_stub_v0,best_effort_place_county_stub_no_invented_fips
moratorium_nation,ga-garden-city-chatham-county-2026,GA,Garden City (Chatham County),City,active,2026-06-15,2026-06,"[""data_center"",""cryptocurrency_mining""]",13051,place,,c_moratoria_geo_stub_v0,best_effort_place_county_stub_no_invented_fips
moratorium_nation,ga-gordon-county-undated,GA,Gordon County,County,extended,,,"[""data_center""]",13129,county,,c_moratoria_geo_stub_v0,best_effort_place_county_stub_no_invented_fips
moratorium_nation,ga-griffin-2026,GA,Griffin,City,replaced,2026-01-13,2026-01,"[""data_center"", ""cryptocurrency_mining""]",13255,place,,c_moratoria_geo_stub_v0,best_effort_place_county_stub_no_invented_fips
moratorium_nation,ga-hall-county-2026,GA,Hall County,County,active,2026-02-26,2026-02,"[""data_center""]",13139,county,,c_moratoria_geo_stub_v0,best_effort_place_county_stub_no_invented_fips
moratorium_nation,ga-hart-county-2026,GA,Hart County,County,active,2026-05-26,2026-05,"[""data_center""]",13147,county,,c_moratoria_geo_stub_v0,best_effort_place_county_stub_no_invented_fips
moratorium_nation,ga-jones-county-2025,GA,Jones County,County,rescinded,2025-09-16,2025-09,"[""data_center"", ""cryptocurrency_mining""]",13169,county,,c_moratoria_geo_stub_v0,best_effort_place_county_stub_no_invented_fips
moratorium_nation,ga-kingsland-camden-county-2026,GA,Kingsland (Camden County),City,active,2026-05-11,2026-05,"[""data_center""]",13039,place,,c_moratoria_geo_stub_v0,best_effort_place_county_stub_no_invented_fips
moratorium_nation,ga-lagrange-2025,GA,LaGrange,City,expired,2025-09-23,2025-09,"[""data_center""]",13285,place,,c_moratoria_geo_stub_v0,best_effort_place_county_stub_no_invented_fips
moratorium_nation,ga-lamar-county-2025,GA,Lamar County,County,extended,2025-09-16,2025-09,"[""data_center""]",13171,county,,c_moratoria_geo_stub_v0,best_effort_place_county_stub_no_invented_fips
moratorium_nation,ga-lee-county-undated,GA,Lee County,County,extended,,,"[""data_center""]",13177,county,,c_moratoria_geo_stub_v0,best_effort_place_county_stub_no_invented_fips
moratorium_nation,ga-marietta-2026,GA,Marietta,City,active,2026-07,2026-07,"[""data_center""]",13067,place,,c_moratoria_geo_stub_v0,best_effort_place_county_stub_no_invented_fips
moratorium_nation,ga-milton-fulton-county-2026,GA,Milton (Fulton County),City,extended,2026-06-15,2026-06,"[""data_center""]",13121,place,,c_moratoria_geo_stub_v0,best_effort_place_county_stub_no_invented_fips
moratorium_nation,ga-monroe-county-2025,GA,Monroe County,County,expired,2025-12-02,2025-12,"[""data_center""]",13207,county,,c_moratoria_geo_stub_v0,best_effort_place_county_stub_no_invented_fips
moratorium_nation,ga-newton-county-2026,GA,Newton County,County,extended,2026-02-17,2026-02,"[""data_center""]",13217,county,,c_moratoria_geo_stub_v0,best_effort_place_county_stub_no_invented_fips
moratorium_nation,ga-paulding-county-2026,GA,Paulding County,County,active,2026-07-28,2026-07,"[""data_center""]",13223,county,,c_moratoria_geo_stub_v0,best_effort_place_county_stub_no_invented_fips
moratorium_nation,ga-pike-county-2025,GA,Pike County,County,active,2025-09,2025-09,"[""data_center""]",13231,county,,c_moratoria_geo_stub_v0,best_effort_place_county_stub_no_invented_fips
moratorium_nation,ga-polk-county-2026,GA,Polk County,County,replaced,2026-03-03,2026-03,"[""data_center""]",13233,county,,c_moratoria_geo_stub_v0,best_effort_place_county_stub_no_invented_fips
moratorium_nation,ga-rockdale-county-undated,GA,Rockdale County,County,extended,,,"[""data_center""]",13247,county,,c_moratoria_geo_stub_v0,best_effort_place_county_stub_no_invented_fips
moratorium_nation,ga-roswell-2026,GA,Roswell,City,extended,2026-01-12,2026-01,"[""data_center""]",,ambiguous_place,13067|13121,c_moratoria_geo_stub_v0,best_effort_place_county_stub_no_invented_fips
moratorium_nation,ga-social-circle-2025,GA,Social Circle,City,replaced,2025-09,2025-09,"[""data_center""]",,ambiguous_place,13217|13297,c_moratoria_geo_stub_v0,best_effort_place_county_stub_no_invented_fips
moratorium_nation,ga-south-fulton-undated,GA,South Fulton,City,extended,,,"[""data_center""]",13121,place,,c_moratoria_geo_stub_v0,best_effort_place_county_stub_no_invented_fips
moratorium_nation,ga-stephens-county-undated,GA,Stephens County,County,extended,,,"[""data_center""]",13257,county,,c_moratoria_geo_stub_v0,best_effort_place_county_stub_no_invented_fips
moratorium_nation,ga-thomas-county-2026,GA,Thomas County,County,active,2026-01-20,2026-01,"[""data_center""]",13275,county,,c_moratoria_geo_stub_v0,best_effort_place_county_stub_no_invented_fips
moratorium_nation,ga-troup-county-2025,GA,Troup County,County,replaced,2025-09-16,2025-09,"[""data_center""]",13285,county,,c_moratoria_geo_stub_v0,best_effort_place_county_stub_no_invented_fips
moratorium_nation,ga-walker-county-2026,GA,Walker County,County,expired,2026-07-09,2026-07,"[""data_center""]",13295,county,,c_moratoria_geo_stub_v0,best_effort_place_county_stub_no_invented_fips
moratorium_nation,id-kootenai-county-2025,ID,Kootenai County,County,replaced,2025-03-11,2025-03,"[""data_center""]",16055,county,,c_moratoria_geo_stub_v0,best_effort_place_county_stub_no_invented_fips
moratorium_nation,il-champaign-county-2026,IL,Champaign County,County,active,2026-04-23,2026-04,"[""data_center""]",17019,county,,c_moratoria_geo_stub_v0,best_effort_place_county_stub_no_invented_fips
moratorium_nation,il-aurora-2025,IL,City of Aurora,City,replaced,2025-09-25,2025-09,"[""data_center""]",,unmatched,,c_moratoria_geo_stub_v0,best_effort_place_county_stub_no_invented_fips
moratorium_nation,il-city-of-bloomington-2026,IL,City of Bloomington,City,active,2026-05-26,2026-05,"[""data_center""]",,unmatched,,c_moratoria_geo_stub_v0,best_effort_place_county_stub_no_invented_fips
moratorium_nation,il-city-of-carbondale-2026,IL,City of Carbondale,City,active,2026-06-23,2026-06,"[""data_center""]",,unmatched,,c_moratoria_geo_stub_v0,best_effort_place_county_stub_no_invented_fips
moratorium_nation,il-collinsville-undated,IL,City of Collinsville,City,active,,,"[""data_center""]",,unmatched,,c_moratoria_geo_stub_v0,best_effort_place_county_stub_no_invented_fips
moratorium_nation,il-city-of-effingham-2026,IL,City of Effingham,City,active,2026-06-02,2026-06,"[""cryptocurrency_mining"",""data_center""]",,unmatched,,c_moratoria_geo_stub_v0,best_effort_place_county_stub_no_invented_fips
moratorium_nation,il-city-of-troy-2026,IL,City of Troy,City,active,2026-03,2026-03,"[""data_center""]",,unmatched,,c_moratoria_geo_stub_v0,best_effort_place_county_stub_no_invented_fips
moratorium_nation,il-city-of-west-chicago-2026,IL,City of West Chicago,City,active,2026-07-06,2026-07,"[""data_center"",""battery_storage""]",,unmatched,,c_moratoria_geo_stub_v0,best_effort_place_county_stub_no_invented_fips
moratorium_nation,il-la-salle-county-2026,IL,La Salle County,County,active,2026-06-08,2026-06,"[""data_center""]",,unmatched,,c_moratoria_geo_stub_v0,best_effort_place_county_stub_no_invented_fips
moratorium_nation,il-morgan-county-2026,IL,Morgan County,County,active,2026-04-27,2026-04,"[""data_center""]",17137,county,,c_moratoria_geo_stub_v0,best_effort_place_county_stub_no_invented_fips
moratorium_nation,il-town-of-normal-2026,IL,Town of Normal,Town,active,2026-05-18,2026-05,"[""data_center""]",,unmatched,,c_moratoria_geo_stub_v0,best_effort_place_county_stub_no_invented_fips
moratorium_nation,il-godfrey-2026,IL,Village of Godfrey,Village,extended,2026-01-20,2026-01,"[""data_center""]",,unmatched,,c_moratoria_geo_stub_v0,best_effort_place_county_stub_no_invented_fips
moratorium_nation,in-boone-county-2026,IN,Boone County,County,active,2026-06-15,2026-06,"[""data_center""]",18011,county,,c_moratoria_geo_stub_v0,best_effort_place_county_stub_no_invented_fips
moratorium_nation,in-dekalb-county-2026,IN,DeKalb County,County,active,2026-04-13,2026-04,"[""data_center""]",18033,county,,c_moratoria_geo_stub_v0,best_effort_place_county_stub_no_invented_fips
moratorium_nation,in-dearborn-county-2026,IN,Dearborn County,County,active,2026-02-24,2026-02,"[""solar"", ""battery_storage"", ""data_center""]",18029,county,,c_moratoria_geo_stub_v0,best_effort_place_county_stub_no_invented_fips
moratorium_nation,in-fayette-county-2026,IN,Fayette County,County,active,2026-05-05,2026-05,"[""data_center""]",18041,county,,c_moratoria_geo_stub_v0,best_effort_place_county_stub_no_invented_fips
moratorium_nation,in-franklin-county-2025,IN,Franklin County,County,extended,2025-12-24,2025-12,"[""data_center""]",18047,county,,c_moratoria_geo_stub_v0,best_effort_place_county_stub_no_invented_fips
moratorium_nation,in-fulton-county-2026,IN,Fulton County,County,active,2026-03-02,2026-03,"[""data_center""]",18049,county,,c_moratoria_geo_stub_v0,best_effort_place_county_stub_no_invented_fips
moratorium_nation,in-huntington-county-2026,IN,Huntington County,County,active,2026-02-23,2026-02,"[""data_center"", ""battery_storage""]",18069,county,,c_moratoria_geo_stub_v0,best_effort_place_county_stub_no_invented_fips
moratorium_nation,in-indianapolis-marion-county-undated,IN,Indianapolis (Marion County),City,pending,,,"[""data_center""]",18097,place,,c_moratoria_geo_stub_v0,best_effort_place_county_stub_no_invented_fips
moratorium_nation,in-madison-county-2026,IN,Madison County,County,active,2026-06-16,2026-06,"[""data_center""]",18095,county,,c_moratoria_geo_stub_v0,best_effort_place_county_stub_no_invented_fips
moratorium_nation,in-marshall-county-2025,IN,Marshall County,County,replaced,2025-02-03,2025-02,"[""data_center"", ""solar"", ""battery_storage""]",18099,county,,c_moratoria_geo_stub_v0,best_effort_place_county_stub_no_invented_fips
moratorium_nation,in-merrillville-lake-county-2026,IN,Merrillville (Lake County),Town,active,2026-05-26,2026-05,"[""data_center""]",18089,place,,c_moratoria_geo_stub_v0,best_effort_place_county_stub_no_invented_fips
moratorium_nation,in-miami-county-2026,IN,Miami County,County,active,2026-05-04,2026-05,"[""data_center""]",18103,county,,c_moratoria_geo_stub_v0,best_effort_place_county_stub_no_invented_fips
moratorium_nation,in-new-albany-floyd-county-2026,IN,New Albany (Floyd County),City,active,2026-07-16,2026-07,"[""data_center""]",18043,place,,c_moratoria_geo_stub_v0,best_effort_place_county_stub_no_invented_fips
moratorium_nation,in-pulaski-county-2026,IN,Pulaski County,County,active,2026-01-20,2026-01,"[""data_center""]",18131,county,,c_moratoria_geo_stub_v0,best_effort_place_county_stub_no_invented_fips
moratorium_nation,in-putnam-county-2025,IN,Putnam County,County,active,2025-11-17,2025-11,"[""solar"", ""data_center""]",18133,county,,c_moratoria_geo_stub_v0,best_effort_place_county_stub_no_invented_fips
moratorium_nation,in-shelby-county-2026,IN,Shelby County,County,active,2026-02-23,2026-02,"[""data_center""]",18145,county,,c_moratoria_geo_stub_v0,best_effort_place_county_stub_no_invented_fips
moratorium_nation,in-starke-county-2025,IN,Starke County,County,active,2025-12-15,2025-12,"[""data_center""]",18149,county,,c_moratoria_geo_stub_v0,best_effort_place_county_stub_no_invented_fips
moratorium_nation,in-valparaiso-porter-county-undated,IN,Valparaiso (Porter County),City,pending,,,"[""data_center""]",18127,place,,c_moratoria_geo_stub_v0,best_effort_place_county_stub_no_invented_fips
moratorium_nation,in-warrick-county-undated,IN,Warrick County,County,pending,,,"[""data_center""]",18173,county,,c_moratoria_geo_stub_v0,best_effort_place_county_stub_no_invented_fips
moratorium_nation,in-white-county-2025,IN,White County,County,replaced,2025-10-20,2025-10,"[""data_center""]",18181,county,,c_moratoria_geo_stub_v0,best_effort_place_county_stub_no_invented_fips
moratorium_nation,ia-adair-county-2026,IA,Adair County,County,active,2026-03-18,2026-03,"[""data_center""]",19001,county,,c_moratoria_geo_stub_v0,best_effort_place_county_stub_no_invented_fips
moratorium_nation,ia-audubon-county-2026,IA,Audubon County,County,active,2026-05-05,2026-05,"[""data_center"",""cryptocurrency_mining""]",19009,county,,c_moratoria_geo_stub_v0,best_effort_place_county_stub_no_invented_fips
moratorium_nation,ia-cedar-county-2026,IA,Cedar County,County,active,2026-05-26,2026-05,"[""data_center""]",19031,county,,c_moratoria_geo_stub_v0,best_effort_place_county_stub_no_invented_fips
moratorium_nation,ia-city-of-peosta-2026,IA,City of Peosta,City,active,2026-06-23,2026-06,"[""data_center""]",,unmatched,,c_moratoria_geo_stub_v0,best_effort_place_county_stub_no_invented_fips
moratorium_nation,ia-clarke-county-2025,IA,Clarke County,County,active,2025-06-23,2025-06,"[""data_center""]",19039,county,,c_moratoria_geo_stub_v0,best_effort_place_county_stub_no_invented_fips
moratorium_nation,ia-clayton-county-2025,IA,Clayton County,County,extended,2025-02-25,2025-02,"[""cryptocurrency_mining"", ""data_center""]",19043,county,,c_moratoria_geo_stub_v0,best_effort_place_county_stub_no_invented_fips
moratorium_nation,ia-des-moines-county-2026,IA,Des Moines County,County,active,2026-05-19,2026-05,"[""data_center"",""cryptocurrency_mining""]",19057,county,,c_moratoria_geo_stub_v0,best_effort_place_county_stub_no_invented_fips
moratorium_nation,ia-dickinson-county-2026,IA,Dickinson County,County,active,2026-05-12,2026-05,"[""data_center"",""cryptocurrency_mining"",""solar"",""battery_storage""]",19059,county,,c_moratoria_geo_stub_v0,best_effort_place_county_stub_no_invented_fips
moratorium_nation,ia-dubuque-county-2026,IA,Dubuque County,County,active,2026-05-26,2026-05,"[""data_center""]",19061,county,,c_moratoria_geo_stub_v0,best_effort_place_county_stub_no_invented_fips
moratorium_nation,ia-franklin-county-2026,IA,Franklin County,County,active,2026-03-31,2026-03,"[""data_center""]",19069,county,,c_moratoria_geo_stub_v0,best_effort_place_county_stub_no_invented_fips
moratorium_nation,ia-ida-county-2026,IA,Ida County,County,active,2026-06-30,2026-06,"[""data_center""]",19093,county,,c_moratoria_geo_stub_v0,best_effort_place_county_stub_no_invented_fips
moratorium_nation,ia-jackson-county-2024,IA,Jackson County,County,active,2024-09-17,2024-09,"[""cryptocurrency_mining""]",19097,county,,c_moratoria_geo_stub_v0,best_effort_place_county_stub_no_invented_fips
moratorium_nation,ia-johnson-county-2025,IA,Johnson County,County,active,2025-11-06,2025-11,"[""data_center""]",19103,county,,c_moratoria_geo_stub_v0,best_effort_place_county_stub_no_invented_fips
moratorium_nation,ia-jones-county-2024,IA,Jones County,County,replaced,2024-10-15,2024-10,"[""data_center"", ""battery_storage"", ""cryptocurrency_mining""]",19105,county,,c_moratoria_geo_stub_v0,best_effort_place_county_stub_no_invented_fips
moratorium_nation,ia-lee-county-2026,IA,Lee County,County,active,2026-06-16,2026-06,"[""data_center""]",19111,county,,c_moratoria_geo_stub_v0,best_effort_place_county_stub_no_invented_fips
moratorium_nation,ia-linn-county-2026,IA,Linn County,County,active,2026-07-01,2026-07,"[""data_center""]",19113,county,,c_moratoria_geo_stub_v0,best_effort_place_county_stub_no_invented_fips
moratorium_nation,ia-madison-county-2026,IA,Madison County,County,active,2026-05,2026-05,"[""data_center"",""battery_storage""]",19121,county,,c_moratoria_geo_stub_v0,best_effort_place_county_stub_no_invented_fips
moratorium_nation,ia-mitchell-county-2025,IA,Mitchell County,County,active,2025-11-25,2025-11,"[""data_center""]",19131,county,,c_moratoria_geo_stub_v0,best_effort_place_county_stub_no_invented_fips
moratorium_nation,ia-palo-alto-county-2026,IA,Palo Alto County,County,active,2026-07-08,2026-07,"[""data_center""]",19147,county,,c_moratoria_geo_stub_v0,best_effort_place_county_stub_no_invented_fips
moratorium_nation,ia-plymouth-county-2026,IA,Plymouth County,County,active,2026-06-16,2026-06,"[""data_center"",""battery_storage""]",19149,county,,c_moratoria_geo_stub_v0,best_effort_place_county_stub_no_invented_fips
moratorium_nation,ia-shelby-county-2026,IA,Shelby County,County,active,2026-03-17,2026-03,"[""data_center"", ""cryptocurrency_mining""]",19165,county,,c_moratoria_geo_stub_v0,best_effort_place_county_stub_no_invented_fips
moratorium_nation,ia-shelby-county-2026-2,IA,Shelby County,County,active,2026-03-17,2026-03,"[""solar""]",19165,county,,c_moratoria_geo_stub_v0,best_effort_place_county_stub_no_invented_fips
moratorium_nation,ia-shelby-county-2026-3,IA,Shelby County,County,active,2026-03-17,2026-03,"[""battery_storage""]",19165,county,,c_moratoria_geo_stub_v0,best_effort_place_county_stub_no_invented_fips
moratorium_nation,ia-shelby-county-2026-4,IA,Shelby County,County,active,2026-03-17,2026-03,"[""wind""]",19165,county,,c_moratoria_geo_stub_v0,best_effort_place_county_stub_no_invented_fips
moratorium_nation,ia-sioux-county-2026,IA,Sioux County,County,active,2026-06-16,2026-06,"[""data_center"",""battery_storage""]",19167,county,,c_moratoria_geo_stub_v0,best_effort_place_county_stub_no_invented_fips
moratorium_nation,ia-story-county-2025,IA,Story County,County,active,2025-06-17,2025-06,"[""data_center"", ""battery_storage"", ""cryptocurrency_mining""]",19169,county,,c_moratoria_geo_stub_v0,best_effort_place_county_stub_no_invented_fips
moratorium_nation,ia-tama-county-2025,IA,Tama County,County,active,2025-11-10,2025-11,"[""data_center"", ""cryptocurrency_mining""]",19171,county,,c_moratoria_geo_stub_v0,best_effort_place_county_stub_no_invented_fips
moratorium_nation,ia-taylor-county-2026,IA,Taylor County,County,active,2026-05-07,2026-05,"[""data_center"",""solar"",""battery_storage"",""wind""]",19173,county,,c_moratoria_geo_stub_v0,best_effort_place_county_stub_no_invented_fips
moratorium_nation,ia-union-county-2026,IA,Union County,County,active,2026-03-25,2026-03,"[""data_center""]",19175,county,,c_moratoria_geo_stub_v0,best_effort_place_county_stub_no_invented_fips
moratorium_nation,ia-woodbury-county-2026,IA,Woodbury County,County,active,2026-06-23,2026-06,"[""data_center""]",19193,county,,c_moratoria_geo_stub_v0,best_effort_place_county_stub_no_invented_fips
moratorium_nation,ks-brown-county-2026,KS,Brown County,County,active,2026-03-02,2026-03,"[""data_center"", ""battery_storage"", ""solar"", ""cryptocurrency_mining""]",20013,county,,c_moratoria_geo_stub_v0,best_effort_place_county_stub_no_invented_fips
moratorium_nation,ks-geary-county-2026,KS,Geary County,County,active,2026-06-22,2026-06,"[""data_center""]",20061,county,,c_moratoria_geo_stub_v0,best_effort_place_county_stub_no_invented_fips
moratorium_nation,ks-harvey-county-2026,KS,Harvey County,County,active,2026-01-13,2026-01,"[""data_center""]",20079,county,,c_moratoria_geo_stub_v0,best_effort_place_county_stub_no_invented_fips
moratorium_nation,ks-kingman-county-2026,KS,Kingman County,County,active,2026-02-09,2026-02,"[""data_center""]",20095,county,,c_moratoria_geo_stub_v0,best_effort_place_county_stub_no_invented_fips
moratorium_nation,ks-lyon-county-2026,KS,Lyon County,County,active,2026-07-23,2026-07,"[""data_center"",""battery_storage""]",20111,county,,c_moratoria_geo_stub_v0,best_effort_place_county_stub_no_invented_fips
moratorium_nation,ks-lyon-county-2026-2,KS,Lyon County,County,active,2026-07-23,2026-07,"[""solar""]",20111,county,,c_moratoria_geo_stub_v0,best_effort_place_county_stub_no_invented_fips
moratorium_nation,ks-marion-county-2026,KS,Marion County,County,extended,2026-03-02,2026-03,"[""data_center"", ""battery_storage""]",20115,county,,c_moratoria_geo_stub_v0,best_effort_place_county_stub_no_invented_fips
moratorium_nation,ks-mcpherson-county-2025,KS,McPherson County,County,extended,2025-08-04,2025-08,"[""data_center"", ""cryptocurrency_mining""]",20113,county,,c_moratoria_geo_stub_v0,best_effort_place_county_stub_no_invented_fips
moratorium_nation,ks-riley-county-2026,KS,Riley County,County,active,2026-05-18,2026-05,"[""data_center"", ""battery_storage""]",20161,county,,c_moratoria_geo_stub_v0,best_effort_place_county_stub_no_invented_fips
moratorium_nation,ks-saline-county-2026,KS,Saline County,County,active,2026-03-17,2026-03,"[""data_center""]",20169,county,,c_moratoria_geo_stub_v0,best_effort_place_county_stub_no_invented_fips
moratorium_nation,ks-sedgwick-county-2026,KS,Sedgwick County,County,extended,2026-01-14,2026-01,"[""data_center""]",20173,county,,c_moratoria_geo_stub_v0,best_effort_place_county_stub_no_invented_fips
moratorium_nation,ky-ashland-2026,KY,Ashland,City,replaced,2026-02-26,2026-02,"[""data_center""]",21019,place,,c_moratoria_geo_stub_v0,best_effort_place_county_stub_no_invented_fips
moratorium_nation,ky-bell-county-2026,KY,Bell County,County,active,2026-07-02,2026-07,"[""data_center""]",21013,county,,c_moratoria_geo_stub_v0,best_effort_place_county_stub_no_invented_fips
moratorium_nation,ky-boyle-county-2026,KY,Boyle County,County,active,2026-06-09,2026-06,"[""data_center""]",21021,county,,c_moratoria_geo_stub_v0,best_effort_place_county_stub_no_invented_fips
moratorium_nation,ky-breckinridge-county-2025,KY,Breckinridge County,County,active,2025-12-05,2025-12,"[""data_center""]",21027,county,,c_moratoria_geo_stub_v0,best_effort_place_county_stub_no_invented_fips
moratorium_nation,ky-bullitt-county-2026,KY,Bullitt County,County,active,2026-07-21,2026-07,"[""data_center""]",21029,county,,c_moratoria_geo_stub_v0,best_effort_place_county_stub_no_invented_fips
moratorium_nation,ky-cave-city-2026,KY,Cave City,City,active,2026-05-21,2026-05,"[""data_center""]",21009,place,,c_moratoria_geo_stub_v0,best_effort_place_county_stub_no_invented_fips
moratorium_nation,ky-la-grange-2025,KY,City of La Grange,City,expired,2025-06-02,2025-06,"[""data_center""]",,unmatched,,c_moratoria_geo_stub_v0,best_effort_place_county_stub_no_invented_fips
moratorium_nation,ky-daviess-county-2026,KY,Daviess County,County,active,2026-05-28,2026-05,"[""data_center""]",21059,county,,c_moratoria_geo_stub_v0,best_effort_place_county_stub_no_invented_fips
moratorium_nation,ky-edmonson-county-2026,KY,Edmonson County,County,active,2026-06-08,2026-06,"[""data_center"",""cryptocurrency_mining""]",21061,county,,c_moratoria_geo_stub_v0,best_effort_place_county_stub_no_invented_fips
moratorium_nation,ky-lexington-fayette-2026,KY,Lexington-Fayette,Other,active,2026-06-09,2026-06,"[""data_center""]",,unmatched,,c_moratoria_geo_stub_v0,best_effort_place_county_stub_no_invented_fips
moratorium_nation,ky-meade-county-fiscal-court-2026,KY,Meade County Fiscal Court,County,active,2026-01-13,2026-01,"[""data_center""]",,unmatched,,c_moratoria_geo_stub_v0,best_effort_place_county_stub_no_invented_fips
moratorium_nation,ky-mercer-county-fiscal-court-undated,KY,Mercer County Fiscal Court,County,pending,,,"[""data_center"",""cryptocurrency_mining""]",,unmatched,,c_moratoria_geo_stub_v0,best_effort_place_county_stub_no_invented_fips
moratorium_nation,ky-nelson-county-2026,KY,Nelson County,County,active,2026-07-07,2026-07,"[""data_center""]",21179,county,,c_moratoria_geo_stub_v0,best_effort_place_county_stub_no_invented_fips
moratorium_nation,ky-oldham-county-fiscal-court-2025,KY,Oldham County Fiscal Court,County,extended,2025-06-26,2025-06,"[""data_center""]",,unmatched,,c_moratoria_geo_stub_v0,best_effort_place_county_stub_no_invented_fips
moratorium_nation,ky-versailles-2026,KY,Versailles,City,active,2026-06-16,2026-06,"[""data_center""]",21239,place,,c_moratoria_geo_stub_v0,best_effort_place_county_stub_no_invented_fips
moratorium_nation,la-new-orleans-2026,LA,New Orleans,City,active,2026-01-28,2026-01,"[""data_center""]",22071,place,,c_moratoria_geo_stub_v0,best_effort_place_county_stub_no_invented_fips
moratorium_nation,la-st-charles-parish-undated,LA,St. Charles Parish,Parish,replaced,,,"[""data_center""]",22089,county,,c_moratoria_geo_stub_v0,best_effort_place_county_stub_no_invented_fips
moratorium_nation,me-bangor-2026,ME,Bangor,City,active,2026-04-13,2026-04,"[""data_center""]",23019,place,,c_moratoria_geo_stub_v0,best_effort_place_county_stub_no_invented_fips
moratorium_nation,me-brunswick-2026,ME,Brunswick,Town,active,2026-06-01,2026-06,"[""data_center""]",23005,place,,c_moratoria_geo_stub_v0,best_effort_place_county_stub_no_invented_fips
moratorium_nation,me-gorham-2026,ME,Gorham,Town,active,2026-06-02,2026-06,"[""data_center""]",23005,place,,c_moratoria_geo_stub_v0,best_effort_place_county_stub_no_invented_fips
moratorium_nation,me-sanford-2026,ME,Sanford,City,extended,2026-05-19,2026-05,"[""data_center""]",23031,place,,c_moratoria_geo_stub_v0,best_effort_place_county_stub_no_invented_fips
moratorium_nation,me-scarborough-2026,ME,Scarborough,Town,active,2026-06-03,2026-06,"[""data_center""]",,unmatched,,c_moratoria_geo_stub_v0,best_effort_place_county_stub_no_invented_fips
moratorium_nation,me-westbrook-2026,ME,Westbrook,City,active,2026-06-01,2026-06,"[""data_center""]",23005,place,,c_moratoria_geo_stub_v0,best_effort_place_county_stub_no_invented_fips
moratorium_nation,md-baltimore-city-2026,MD,Baltimore City,City,pending,2026-05-11,2026-05,"[""data_center""]",24510,place,,c_moratoria_geo_stub_v0,best_effort_place_county_stub_no_invented_fips
moratorium_nation,md-baltimore-county-2026,MD,Baltimore County,County,active,2026-02-02,2026-02,"[""data_center""]",,ambiguous_county,24005|24510,c_moratoria_geo_stub_v0,best_effort_place_county_stub_no_invented_fips
moratorium_nation,md-frederick-county-2026,MD,Frederick County,County,active,2026-07-01,2026-07,"[""data_center""]",24021,county,,c_moratoria_geo_stub_v0,best_effort_place_county_stub_no_invented_fips
moratorium_nation,md-howard-county-2026,MD,Howard County,County,pending,2026-06-01,2026-06,"[""data_center""]",24027,county,,c_moratoria_geo_stub_v0,best_effort_place_county_stub_no_invented_fips
moratorium_nation,md-montgomery-county-2026,MD,Montgomery County,County,active,2026-07-28,2026-07,"[""data_center""]",24031,county,,c_moratoria_geo_stub_v0,best_effort_place_county_stub_no_invented_fips
moratorium_nation,md-prince-george-s-county-2025,MD,Prince George's County,County,extended,2025-09-16,2025-09,"[""data_center""]",24033,county,,c_moratoria_geo_stub_v0,best_effort_place_county_stub_no_invented_fips
moratorium_nation,md-proposed-or-rejected-local-pauses-undated,MD,Proposed or Rejected Local Pauses,Aggregate meta-row,pending,,,"[""general""]",,unmatched,,c_moratoria_geo_stub_v0,best_effort_place_county_stub_no_invented_fips
moratorium_nation,md-washington-county-2026,MD,Washington County,County,active,2026-06-30,2026-06,"[""data_center""]",24043,county,,c_moratoria_geo_stub_v0,best_effort_place_county_stub_no_invented_fips
moratorium_nation,md-worcester-county-2026,MD,Worcester County,County,pending,2026-07-07,2026-07,"[""data_center""]",24047,county,,c_moratoria_geo_stub_v0,best_effort_place_county_stub_no_invented_fips
moratorium_nation,ma-everett-2026,MA,"Everett (restriction proposal, not moratorium)",City,active,2026-06-22,2026-06,"[""data_center""]",25017,place,,c_moratoria_geo_stub_v0,best_effort_place_county_stub_no_invented_fips
moratorium_nation,ma-gill-2026,MA,"Gill (proposal, not enacted as of 2026-04-29)",Town,pending,,,"[""data_center"", ""battery_storage""]",,unmatched,,c_moratoria_geo_stub_v0,best_effort_place_county_stub_no_invented_fips
moratorium_nation,ma-heath-2026,MA,"Heath (proposal, not enacted as of 2026-04-29)",Town,pending,,,"[""battery_storage"", ""data_center""]",,unmatched,,c_moratoria_geo_stub_v0,best_effort_place_county_stub_no_invented_fips
moratorium_nation,ma-lowell-2026,MA,Lowell,City,active,2026-03-10,2026-03,"[""data_center""]",25017,place,,c_moratoria_geo_stub_v0,best_effort_place_county_stub_no_invented_fips
moratorium_nation,ma-malden-2026,MA,Malden,City,active,2026-05-05,2026-05,"[""data_center""]",25017,place,,c_moratoria_geo_stub_v0,best_effort_place_county_stub_no_invented_fips
moratorium_nation,ma-shutesbury-2025,MA,Shutesbury,Town,expired,2025-09-30,2025-09,"[""data_center""]",,unmatched,,c_moratoria_geo_stub_v0,best_effort_place_county_stub_no_invented_fips
moratorium_nation,ma-westfield-2026,MA,Westfield,City,active,2026-07-06,2026-07,"[""data_center""]",25013,place,,c_moratoria_geo_stub_v0,best_effort_place_county_stub_no_invented_fips
moratorium_nation,mi-allendale-township-2026,MI,Allendale Township,Township,active,2026-06-08,2026-06,"[""data_center"",""battery_storage"",""solar"",""wind""]",26139,place,,c_moratoria_geo_stub_v0,best_effort_place_county_stub_no_invented_fips
moratorium_nation,mi-armada-township-undated,MI,Armada Township,Township,extended,2026-01-14,2026-01,"[""data_center""]",26099,place,,c_moratoria_geo_stub_v0,best_effort_place_county_stub_no_invented_fips
moratorium_nation,mi-big-rapids-charter-township-2026,MI,Big Rapids Charter Township,Township,active,2026-02-23,2026-02,"[""data_center""]",26107,place,,c_moratoria_geo_stub_v0,best_effort_place_county_stub_no_invented_fips
moratorium_nation,mi-bruce-township-undated,MI,Bruce Township,Township,active,,,"[""data_center""]",,unmatched,,c_moratoria_geo_stub_v0,best_effort_place_county_stub_no_invented_fips
moratorium_nation,mi-caledonia-township-undated,MI,Caledonia Township,Township,active,,,"[""data_center"",""cryptocurrency_mining""]",26081,place,,c_moratoria_geo_stub_v0,best_effort_place_county_stub_no_invented_fips
moratorium_nation,mi-chesaning-township-2026,MI,Chesaning Township,Township,active,2026-05-07,2026-05,"[""data_center""]",26145,place,,c_moratoria_geo_stub_v0,best_effort_place_county_stub_no_invented_fips
moratorium_nation,mi-city-of-flint-2026,MI,City of Flint,City,active,2026-06-08,2026-06,"[""data_center""]",,unmatched,,c_moratoria_geo_stub_v0,best_effort_place_county_stub_no_invented_fips
moratorium_nation,mi-clark-township-2025,MI,Clark Township,Township,expired,2025-06-24,2025-06,"[""data_center"", ""cryptocurrency_mining""]",,unmatched,,c_moratoria_geo_stub_v0,best_effort_place_county_stub_no_invented_fips
moratorium_nation,mi-delta-county-2026,MI,Delta County,County,active,2026-07-21,2026-07,"[""data_center"",""cryptocurrency_mining""]",26041,county,,c_moratoria_geo_stub_v0,best_effort_place_county_stub_no_invented_fips
moratorium_nation,mi-detroit-2026,MI,Detroit (requested),City,pending,,,"[""data_center""]",26163,place,,c_moratoria_geo_stub_v0,best_effort_place_county_stub_no_invented_fips
moratorium_nation,mi-dundee-township-2025,MI,Dundee Township,Township,expired,2025-12-09,2025-12,"[""data_center""]",26115,place,,c_moratoria_geo_stub_v0,best_effort_place_county_stub_no_invented_fips
moratorium_nation,mi-fenton-township-2026,MI,Fenton Township,Township,pending,2026-02-17,2026-02,"[""data_center""]",,ambiguous_place,26049|26093|26125,c_moratoria_geo_stub_v0,best_effort_place_county_stub_no_invented_fips
moratorium_nation,mi-filer-township-2026,MI,Filer Township,Township,active,2026-06-02,2026-06,"[""data_center""]",26101,place,,c_moratoria_geo_stub_v0,best_effort_place_county_stub_no_invented_fips
moratorium_nation,mi-forsyth-township-2026,MI,Forsyth Township,Township,active,2026-06-25,2026-06,"[""data_center""]",,unmatched,,c_moratoria_geo_stub_v0,best_effort_place_county_stub_no_invented_fips
moratorium_nation,mi-grand-blanc-township-2026,MI,Grand Blanc Township,Township,active,2026-01-21,2026-01,"[""data_center""]",26049,place,,c_moratoria_geo_stub_v0,best_effort_place_county_stub_no_invented_fips
moratorium_nation,mi-green-charter-township-2025,MI,Green Charter Township,Township,active,2025-12-09,2025-12,"[""data_center""]",,unmatched,,c_moratoria_geo_stub_v0,best_effort_place_county_stub_no_invented_fips
moratorium_nation,mi-hagar-township-2026,MI,Hagar Township,Township,active,2026-07-17,2026-07,"[""data_center""]",,unmatched,,c_moratoria_geo_stub_v0,best_effort_place_county_stub_no_invented_fips
moratorium_nation,mi-haring-township-undated,MI,Haring Township,Township,pending,,,"[""data_center""]",26165,place,,c_moratoria_geo_stub_v0,best_effort_place_county_stub_no_invented_fips
moratorium_nation,mi-hart-2026,MI,Hart,City,active,2026-05-26,2026-05,"[""data_center"",""cryptocurrency_mining""]",26127,place,,c_moratoria_geo_stub_v0,best_effort_place_county_stub_no_invented_fips
moratorium_nation,mi-hayes-township-2026,MI,Hayes Township,Township,extended,2026-02-10,2026-02,"[""general""]",,unmatched,,c_moratoria_geo_stub_v0,best_effort_place_county_stub_no_invented_fips
moratorium_nation,mi-houghton-2026,MI,Houghton,City,active,2026-07-08,2026-07,"[""data_center""]",26061,place,,c_moratoria_geo_stub_v0,best_effort_place_county_stub_no_invented_fips
moratorium_nation,mi-howell-township-2025,MI,Howell Township,Township,expired,2025-11-20,2025-11,"[""data_center""]",26093,place,,c_moratoria_geo_stub_v0,best_effort_place_county_stub_no_invented_fips
moratorium_nation,mi-huron-county-2026,MI,Huron County,County,active,2026-05-27,2026-05,"[""data_center""]",26063,county,,c_moratoria_geo_stub_v0,best_effort_place_county_stub_no_invented_fips
moratorium_nation,mi-lake-township-2026,MI,Lake Township,Township,active,2026-07-16,2026-07,"[""data_center""]",26113,place,,c_moratoria_geo_stub_v0,best_effort_place_county_stub_no_invented_fips
moratorium_nation,mi-lansing-2026,MI,Lansing,City,active,2026-07-13,2026-07,"[""data_center""]",,ambiguous_place,26037|26045|26065,c_moratoria_geo_stub_v0,best_effort_place_county_stub_no_invented_fips
moratorium_nation,mi-lenox-township-2026,MI,Lenox Township,Township,extended,2026-02-02,2026-02,"[""general""]",,unmatched,,c_moratoria_geo_stub_v0,best_effort_place_county_stub_no_invented_fips
moratorium_nation,mi-lincoln-township-2026,MI,Lincoln Township,Township,active,2026-06-09,2026-06,"[""data_center""]",26001,place,,c_moratoria_geo_stub_v0,best_effort_place_county_stub_no_invented_fips
moratorium_nation,mi-lodi-township-2026,MI,Lodi Township,Township,expired,2026-02-03,2026-02,"[""data_center""]",,unmatched,,c_moratoria_geo_stub_v0,best_effort_place_county_stub_no_invented_fips
moratorium_nation,mi-lowell-township-2026,MI,Lowell Township (proposed),Township,expired,,,"[""data_center""]",26081,place,,c_moratoria_geo_stub_v0,best_effort_place_county_stub_no_invented_fips
moratorium_nation,mi-lyndon-township-2026,MI,Lyndon Township,Township,active,2026-05-12,2026-05,"[""data_center""]",,unmatched,,c_moratoria_geo_stub_v0,best_effort_place_county_stub_no_invented_fips
moratorium_nation,mi-lyon-township-2026,MI,Lyon Charter Township (Oakland County),Township,active,2026-05,2026-05,"[""data_center""]",,unmatched,,c_moratoria_geo_stub_v0,best_effort_place_county_stub_no_invented_fips
moratorium_nation,mi-lyon-township-2026-2,MI,Lyon Township,Township,active,2026-05,2026-05,"[""data_center""]",,unmatched,,c_moratoria_geo_stub_v0,best_effort_place_county_stub_no_invented_fips
moratorium_nation,mi-manchester-township-2025,MI,Manchester Township,Township,active,2025-10-14,2025-10,"[""data_center""]",26161,place,,c_moratoria_geo_stub_v0,best_effort_place_county_stub_no_invented_fips
moratorium_nation,mi-mason-2026,MI,Mason,City,replaced,2026-01-05,2026-01,"[""data_center""]",26065,place,,c_moratoria_geo_stub_v0,best_effort_place_county_stub_no_invented_fips
moratorium_nation,mi-mason-township-2026,MI,Mason Township,Township,active,2026-05-02,2026-05,"[""data_center""]",26065,place,,c_moratoria_geo_stub_v0,best_effort_place_county_stub_no_invented_fips
moratorium_nation,mi-meridian-township-2026,MI,Meridian Township,Township,active,2026-05-19,2026-05,"[""data_center""]",,unmatched,,c_moratoria_geo_stub_v0,best_effort_place_county_stub_no_invented_fips
moratorium_nation,mi-northville-2026,MI,Northville,City,active,2026-01-07,2026-01,"[""general""]",,ambiguous_place,26125|26163,c_moratoria_geo_stub_v0,best_effort_place_county_stub_no_invented_fips
moratorium_nation,mi-orion-township-2026,MI,Orion Township,Township,active,2026-06-15,2026-06,"[""data_center""]",,unmatched,,c_moratoria_geo_stub_v0,best_effort_place_county_stub_no_invented_fips
moratorium_nation,mi-other-reported-local-moratoria-undated,MI,Other Reported Local Moratoria,Aggregate meta-row,pending,,,"[""general""]",,unmatched,,c_moratoria_geo_stub_v0,best_effort_place_county_stub_no_invented_fips
moratorium_nation,mi-park-township-2026,MI,Park Township,Township,active,2026-05-13,2026-05,"[""data_center""]",,unmatched,,c_moratoria_geo_stub_v0,best_effort_place_county_stub_no_invented_fips
moratorium_nation,mi-parma-township-jackson-county-2026,MI,Parma Township (Jackson County),Township,active,2026-02-18,2026-02,"[""data_center""]",26075,place,,c_moratoria_geo_stub_v0,best_effort_place_county_stub_no_invented_fips
moratorium_nation,mi-pine-grove-township-2026,MI,Pine Grove Township,Township,active,2026-06-03,2026-06,"[""data_center""]",,unmatched,,c_moratoria_geo_stub_v0,best_effort_place_county_stub_no_invented_fips
moratorium_nation,mi-pittsfield-township-2025,MI,Pittsfield Township,Township,extended,2025-11-20,2025-11,"[""data_center""]",,unmatched,,c_moratoria_geo_stub_v0,best_effort_place_county_stub_no_invented_fips
moratorium_nation,mi-pontiac-2026,MI,Pontiac,City,expired,2026-01-21,2026-01,"[""data_center""]",26125,place,,c_moratoria_geo_stub_v0,best_effort_place_county_stub_no_invented_fips
moratorium_nation,mi-porter-township-2026,MI,Porter Township,Township,active,2026-05-12,2026-05,"[""data_center""]",,unmatched,,c_moratoria_geo_stub_v0,best_effort_place_county_stub_no_invented_fips
moratorium_nation,mi-saginaw-2026,MI,Saginaw,City,extended,2026-01-12,2026-01,"[""data_center""]",26145,place,,c_moratoria_geo_stub_v0,best_effort_place_county_stub_no_invented_fips
moratorium_nation,mi-saline-city-2026,MI,Saline City,City,active,2026-01-12,2026-01,"[""data_center""]",26161,place,,c_moratoria_geo_stub_v0,best_effort_place_county_stub_no_invented_fips
moratorium_nation,mi-saline-township-2026,MI,Saline Township,Township,active,2026-06-10,2026-06,"[""general""]",26161,place,,c_moratoria_geo_stub_v0,best_effort_place_county_stub_no_invented_fips
moratorium_nation,mi-saugatuck-township-2026,MI,Saugatuck Township,Township,active,2026-02,2026-02,"[""data_center""]",26005,place,,c_moratoria_geo_stub_v0,best_effort_place_county_stub_no_invented_fips
moratorium_nation,mi-sault-ste-marie-tribe-of-chippewa-indian-2026,MI,Sault Ste. Marie Tribe of Chippewa Indians,Tribal,active,2026-04-07,2026-04,"[""data_center""]",,unmatched,,c_moratoria_geo_stub_v0,best_effort_place_county_stub_no_invented_fips
moratorium_nation,mi-sherman-township-2026,MI,Sherman Township,Township,active,2026-06-09,2026-06,"[""data_center""]",,unmatched,,c_moratoria_geo_stub_v0,best_effort_place_county_stub_no_invented_fips
moratorium_nation,mi-south-lyon-undated,MI,South Lyon,City,active,,,"[""data_center""]",26125,place,,c_moratoria_geo_stub_v0,best_effort_place_county_stub_no_invented_fips
moratorium_nation,mi-springfield-township-2025,MI,Springfield Township,Township,expired,2025-12-11,2025-12,"[""data_center""]",26025,place,,c_moratoria_geo_stub_v0,best_effort_place_county_stub_no_invented_fips
moratorium_nation,mi-sterling-heights-2026,MI,Sterling Heights,City,active,2026-02-04,2026-02,"[""data_center""]",26099,place,,c_moratoria_geo_stub_v0,best_effort_place_county_stub_no_invented_fips
moratorium_nation,mi-sylvan-township-2026,MI,Sylvan Township,Township,expired,2026-01-22,2026-01,"[""general""]",,unmatched,,c_moratoria_geo_stub_v0,best_effort_place_county_stub_no_invented_fips
moratorium_nation,mi-taylor-undated,MI,Taylor,City,active,2026-01-20,2026-01,"[""data_center""]",26163,place,,c_moratoria_geo_stub_v0,best_effort_place_county_stub_no_invented_fips
moratorium_nation,mi-texas-township-2026,MI,Texas Township,Township,active,2026-06-22,2026-06,"[""data_center""]",,unmatched,,c_moratoria_geo_stub_v0,best_effort_place_county_stub_no_invented_fips
moratorium_nation,mi-tyrone-township-2025,MI,Tyrone Township,Township,extended,2025-12-02,2025-12,"[""data_center""]",,unmatched,,c_moratoria_geo_stub_v0,best_effort_place_county_stub_no_invented_fips
moratorium_nation,mi-romeo-2026,MI,Village of Romeo,Village,active,2026-01-26,2026-01,"[""data_center""]",,unmatched,,c_moratoria_geo_stub_v0,best_effort_place_county_stub_no_invented_fips
moratorium_nation,mi-washington-township-2026,MI,Washington Township,Township,active,2026-05-20,2026-05,"[""data_center""]",,unmatched,,c_moratoria_geo_stub_v0,best_effort_place_county_stub_no_invented_fips
moratorium_nation,mi-waterford-township-2026,MI,Waterford Township,Township,active,2026-03-23,2026-03,"[""data_center""]",,unmatched,,c_moratoria_geo_stub_v0,best_effort_place_county_stub_no_invented_fips
moratorium_nation,mi-watertown-township-2026,MI,Watertown Township,Township,active,2026-05-18,2026-05,"[""data_center""]",,unmatched,,c_moratoria_geo_stub_v0,best_effort_place_county_stub_no_invented_fips
moratorium_nation,mi-york-township-2026,MI,York Township,Township,active,2026-03-10,2026-03,"[""data_center""]",,unmatched,,c_moratoria_geo_stub_v0,best_effort_place_county_stub_no_invented_fips
moratorium_nation,mi-ypsilanti-community-utilities-authority-2026,MI,Ypsilanti Community Utilities Authority,Utility-authority,active,2026-04-22,2026-04,"[""data_center""]",,unmatched,,c_moratoria_geo_stub_v0,best_effort_place_county_stub_no_invented_fips
moratorium_nation,mn-carver-2026,MN,Carver,City,active,2026-04-06,2026-04,"[""data_center""]",27019,place,,c_moratoria_geo_stub_v0,best_effort_place_county_stub_no_invented_fips
moratorium_nation,mn-city-of-apple-valley-2026,MN,City of Apple Valley,City,active,2026-07-09,2026-07,"[""data_center""]",,unmatched,,c_moratoria_geo_stub_v0,best_effort_place_county_stub_no_invented_fips
moratorium_nation,mn-city-of-elko-new-market-2026,MN,City of Elko New Market,City,active,2026-05-14,2026-05,"[""data_center""]",,unmatched,,c_moratoria_geo_stub_v0,best_effort_place_county_stub_no_invented_fips
moratorium_nation,mn-eagan-2026,MN,Eagan,City,active,2026-02-17,2026-02,"[""data_center"", ""cryptocurrency_mining""]",27037,place,,c_moratoria_geo_stub_v0,best_effort_place_county_stub_no_invented_fips
moratorium_nation,mn-inver-grove-heights-2026,MN,Inver Grove Heights,City,active,2026-06-26,2026-06,"[""data_center""]",27037,place,,c_moratoria_geo_stub_v0,best_effort_place_county_stub_no_invented_fips
moratorium_nation,mn-le-sueur-county-2026,MN,Le Sueur County,County,active,2026-05-26,2026-05,"[""data_center""]",27079,county,,c_moratoria_geo_stub_v0,best_effort_place_county_stub_no_invented_fips
moratorium_nation,mn-mankato-2026,MN,Mankato,City,active,2026-07-13,2026-07,"[""data_center""]",,ambiguous_place,27013|27079|27103,c_moratoria_geo_stub_v0,best_effort_place_county_stub_no_invented_fips
moratorium_nation,mn-minneapolis-2026,MN,Minneapolis,City,active,2026-06-25,2026-06,"[""data_center""]",27053,place,,c_moratoria_geo_stub_v0,best_effort_place_county_stub_no_invented_fips
moratorium_nation,mn-otsego-2026,MN,Otsego,City,pending,2026-07,2026-07,"[""data_center""]",27171,place,,c_moratoria_geo_stub_v0,best_effort_place_county_stub_no_invented_fips
moratorium_nation,mn-rosemount-2026,MN,Rosemount,City,active,2026-04-21,2026-04,"[""data_center""]",27037,place,,c_moratoria_geo_stub_v0,best_effort_place_county_stub_no_invented_fips
moratorium_nation,mn-waite-park-undated,MN,Waite Park,City,active,2026-05-04,2026-05,"[""data_center""]",27145,place,,c_moratoria_geo_stub_v0,best_effort_place_county_stub_no_invented_fips
moratorium_nation,mn-wright-county-2026,MN,Wright County,County,active,2026-05-19,2026-05,"[""data_center""]",27171,county,,c_moratoria_geo_stub_v0,best_effort_place_county_stub_no_invented_fips
moratorium_nation,ms-city-of-jackson-2026,MS,City of Jackson,City,pending,2026-07-14,2026-07,"[""data_center""]",,unmatched,,c_moratoria_geo_stub_v0,best_effort_place_county_stub_no_invented_fips
moratorium_nation,mo-city-of-camdenton-2026,MO,City of Camdenton,City,active,2026-05-05,2026-05,"[""data_center""]",,unmatched,,c_moratoria_geo_stub_v0,best_effort_place_county_stub_no_invented_fips
moratorium_nation,mo-city-of-columbia-2026,MO,City of Columbia,City,active,2026-05,2026-05,"[""data_center""]",,unmatched,,c_moratoria_geo_stub_v0,best_effort_place_county_stub_no_invented_fips
moratorium_nation,mo-city-of-independence-2026,MO,City of Independence,City,active,2026-07-06,2026-07,"[""data_center"",""battery_storage""]",,unmatched,,c_moratoria_geo_stub_v0,best_effort_place_county_stub_no_invented_fips
moratorium_nation,mo-city-of-neosho-2026,MO,City of Neosho,City,active,2026-07-07,2026-07,"[""data_center""]",,unmatched,,c_moratoria_geo_stub_v0,best_effort_place_county_stub_no_invented_fips
moratorium_nation,mo-peculiar-2024,MO,City of Peculiar,City,replaced,2024-08-19,2024-08,"[""data_center""]",,unmatched,,c_moratoria_geo_stub_v0,best_effort_place_county_stub_no_invented_fips
moratorium_nation,mo-city-of-springfield-2026,MO,City of Springfield,City,active,2026-06-29,2026-06,"[""data_center""]",,unmatched,,c_moratoria_geo_stub_v0,best_effort_place_county_stub_no_invented_fips
moratorium_nation,mo-st-charles-2025,MO,City of St. Charles,City,replaced,2025-08-22,2025-08,"[""data_center""]",,unmatched,,c_moratoria_geo_stub_v0,best_effort_place_county_stub_no_invented_fips
moratorium_nation,mo-city-of-st-joseph-2026,MO,City of St. Joseph,City,active,2026-07-20,2026-07,"[""data_center""]",,unmatched,,c_moratoria_geo_stub_v0,best_effort_place_county_stub_no_invented_fips
moratorium_nation,mo-city-of-st-peters-2026,MO,City of St. Peters,City,active,2026-05-14,2026-05,"[""data_center""]",,unmatched,,c_moratoria_geo_stub_v0,best_effort_place_county_stub_no_invented_fips
moratorium_nation,mo-jackson-county-2026,MO,Jackson County,County,active,2026-06-22,2026-06,"[""data_center"", ""battery_storage""]",29095,county,,c_moratoria_geo_stub_v0,best_effort_place_county_stub_no_invented_fips
moratorium_nation,mo-marion-county-2026,MO,Marion County,County,active,2026-06-15,2026-06,"[""data_center""]",29127,county,,c_moratoria_geo_stub_v0,best_effort_place_county_stub_no_invented_fips
moratorium_nation,mo-nodaway-county-2026,MO,Nodaway County,County,active,2026-07-21,2026-07,"[""data_center""]",29147,county,,c_moratoria_geo_stub_v0,best_effort_place_county_stub_no_invented_fips
moratorium_nation,mo-st-charles-county-2026,MO,St. Charles County,County,active,2026-07-13,2026-07,"[""data_center""]",29183,county,,c_moratoria_geo_stub_v0,best_effort_place_county_stub_no_invented_fips
moratorium_nation,mo-webster-county-2026,MO,Webster County,County,active,2026-06-16,2026-06,"[""data_center"",""solar"",""wind"",""battery_storage""]",29225,county,,c_moratoria_geo_stub_v0,best_effort_place_county_stub_no_invented_fips
moratorium_nation,mt-missoula-county-2026,MT,Missoula County,County,active,2026-07-09,2026-07,"[""data_center""]",30063,county,,c_moratoria_geo_stub_v0,best_effort_place_county_stub_no_invented_fips
moratorium_nation,ne-cherry-county-2026,NE,Cherry County,County,active,2026-07-14,2026-07,"[""data_center"",""general""]",31031,county,,c_moratoria_geo_stub_v0,best_effort_place_county_stub_no_invented_fips
moratorium_nation,ne-hitchcock-county-2025,NE,Hitchcock County,County,replaced,2025-02-03,2025-02,"[""data_center"", ""cryptocurrency_mining""]",31087,county,,c_moratoria_geo_stub_v0,best_effort_place_county_stub_no_invented_fips
moratorium_nation,ne-logan-county-2026,NE,Logan County,County,active,2026-07-15,2026-07,"[""data_center"",""cryptocurrency_mining"",""wind"",""solar"",""battery_storage""]",31113,county,,c_moratoria_geo_stub_v0,best_effort_place_county_stub_no_invented_fips
moratorium_nation,ne-otoe-county-2026,NE,Otoe County,County,active,2026-05-19,2026-05,"[""data_center""]",31131,county,,c_moratoria_geo_stub_v0,best_effort_place_county_stub_no_invented_fips
moratorium_nation,ne-red-willow-county-2025,NE,Red Willow County,County,active,2025-09-22,2025-09,"[""general""]",31145,county,,c_moratoria_geo_stub_v0,best_effort_place_county_stub_no_invented_fips
moratorium_nation,ne-seward-county-2026,NE,Seward County,County,active,2026-06-30,2026-06,"[""data_center""]",31159,county,,c_moratoria_geo_stub_v0,best_effort_place_county_stub_no_invented_fips
moratorium_nation,nv-humboldt-county-2026,NV,Humboldt County,County,active,2026-07-06,2026-07,"[""data_center""]",32013,county,,c_moratoria_geo_stub_v0,best_effort_place_county_stub_no_invented_fips
moratorium_nation,nv-nye-county-2026,NV,Nye County,County,active,2026-06-02,2026-06,"[""data_center"",""cryptocurrency_mining""]",32023,county,,c_moratoria_geo_stub_v0,best_effort_place_county_stub_no_invented_fips
moratorium_nation,nv-reno-2026,NV,Reno,City,extended,2026-06-01,2026-06,"[""data_center""]",32031,place,,c_moratoria_geo_stub_v0,best_effort_place_county_stub_no_invented_fips
moratorium_nation,nh-town-of-nottingham-undated,NH,Town of Nottingham,Town,pending,,,"[""data_center""]",,unmatched,,c_moratoria_geo_stub_v0,best_effort_place_county_stub_no_invented_fips
moratorium_nation,nj-galloway-township-2026,NJ,Galloway Township,Township,active,2026-06-16,2026-06,"[""data_center""]",,unmatched,,c_moratoria_geo_stub_v0,best_effort_place_county_stub_no_invented_fips
moratorium_nation,nj-sayreville-2026,NJ,Sayreville,Town,active,2026-07-20,2026-07,"[""data_center""]",34023,place,,c_moratoria_geo_stub_v0,best_effort_place_county_stub_no_invented_fips
moratorium_nation,nm-santa-fe-county-2026,NM,Santa Fe County,County,active,2026-06-30,2026-06,"[""data_center""]",35049,county,,c_moratoria_geo_stub_v0,best_effort_place_county_stub_no_invented_fips
moratorium_nation,nm-sierra-county-2026,NM,Sierra County,County,pending,2026-07-21,2026-07,"[""data_center""]",35051,county,,c_moratoria_geo_stub_v0,best_effort_place_county_stub_no_invented_fips
moratorium_nation,nm-socorro-county-2026,NM,Socorro County,County,active,2026-06-09,2026-06,"[""data_center""]",35053,county,,c_moratoria_geo_stub_v0,best_effort_place_county_stub_no_invented_fips
moratorium_nation,ny-manlius-2026,NY,Manlius,Town,active,2026-07-09,2026-07,"[""data_center"",""cryptocurrency_mining""]",36067,place,,c_moratoria_geo_stub_v0,best_effort_place_county_stub_no_invented_fips
moratorium_nation,ny-town-of-brookhaven-2026,NY,Town of Brookhaven,Town,active,2026-07-16,2026-07,"[""data_center""]",,unmatched,,c_moratoria_geo_stub_v0,best_effort_place_county_stub_no_invented_fips
moratorium_nation,ny-town-of-clifton-park-2026,NY,Town of Clifton Park,Town,active,2026-07-07,2026-07,"[""data_center""]",,unmatched,,c_moratoria_geo_stub_v0,best_effort_place_county_stub_no_invented_fips
moratorium_nation,ny-dryden-2024,NY,Town of Dryden (Tompkins County),Town,replaced,2024-07-31,2024-07,"[""data_center"", ""cryptocurrency_mining""]",,unmatched,,c_moratoria_geo_stub_v0,best_effort_place_county_stub_no_invented_fips
moratorium_nation,ny-town-of-east-fishkill-2026,NY,Town of East Fishkill,Town,active,2026-06-25,2026-06,"[""data_center""]",,unmatched,,c_moratoria_geo_stub_v0,best_effort_place_county_stub_no_invented_fips
moratorium_nation,ny-town-of-highland-2026,NY,Town of Highland,Town,active,2026-06,2026-06,"[""data_center""]",,unmatched,,c_moratoria_geo_stub_v0,best_effort_place_county_stub_no_invented_fips
moratorium_nation,ny-lansing-2025,NY,"Town of Lansing (Tompkins County) - proposed, not enacted",Town,rescinded,,,"[""data_center""]",,unmatched,,c_moratoria_geo_stub_v0,best_effort_place_county_stub_no_invented_fips
moratorium_nation,ny-lewiston-2026,NY,"Town of Lewiston (Niagara County) - proposed, public hearing held",Town,active,,,"[""data_center"", ""cryptocurrency_mining""]",,unmatched,,c_moratoria_geo_stub_v0,best_effort_place_county_stub_no_invented_fips
moratorium_nation,ny-lysander-2026,NY,Town of Lysander (Onondaga County) - drafting authorized,Town,pending,,,"[""data_center""]",,unmatched,,c_moratoria_geo_stub_v0,best_effort_place_county_stub_no_invented_fips
moratorium_nation,ny-oneonta-2026,NY,"Town of Oneonta (Otsego County) - proposed, pending",Town,active,2026-05-15,2026-05,"[""data_center"", ""cryptocurrency_mining""]",,unmatched,,c_moratoria_geo_stub_v0,best_effort_place_county_stub_no_invented_fips
moratorium_nation,ny-town-of-salina-2026,NY,Town of Salina,Town,active,2026-05-27,2026-05,"[""data_center"",""cryptocurrency_mining""]",,unmatched,,c_moratoria_geo_stub_v0,best_effort_place_county_stub_no_invented_fips
moratorium_nation,ny-town-of-southeast-2026,NY,Town of Southeast,Town,active,2026-05-21,2026-05,"[""data_center""]",,unmatched,,c_moratoria_geo_stub_v0,best_effort_place_county_stub_no_invented_fips
moratorium_nation,ny-town-of-thurston-2026,NY,Town of Thurston,Town,active,2026-05-20,2026-05,"[""data_center"",""cryptocurrency_mining""]",,unmatched,,c_moratoria_geo_stub_v0,best_effort_place_county_stub_no_invented_fips
moratorium_nation,ny-town-of-van-buren-2026,NY,Town of Van Buren,Town,active,2026-06-03,2026-06,"[""data_center"",""cryptocurrency_mining""]",,unmatched,,c_moratoria_geo_stub_v0,best_effort_place_county_stub_no_invented_fips
moratorium_nation,nc-buncombe-county-2023,NC,Buncombe County (cryptocurrency mining; data-center-adjacent),County,replaced,2023-05-02,2023-05,"[""cryptocurrency_mining""]",37021,county,,c_moratoria_geo_stub_v0,best_effort_place_county_stub_no_invented_fips
moratorium_nation,nc-charlotte-2026,NC,Charlotte,City,active,2026-06-08,2026-06,"[""data_center""]",37119,place,,c_moratoria_geo_stub_v0,best_effort_place_county_stub_no_invented_fips
moratorium_nation,nc-chatham-county-2026,NC,Chatham County,County,active,2026-02-11,2026-02,"[""data_center"", ""cryptocurrency_mining""]",37037,county,,c_moratoria_geo_stub_v0,best_effort_place_county_stub_no_invented_fips
moratorium_nation,nc-cherokee-county-2023,NC,Cherokee County (high-impact facilities; cryptocurrency mining; data-center-adjacent),County,expired,2023-10-02,2023-10,"[""cryptocurrency_mining""]",37039,county,,c_moratoria_geo_stub_v0,best_effort_place_county_stub_no_invented_fips
moratorium_nation,nc-city-of-asheville-2026,NC,City of Asheville,City,active,2026-06-23,2026-06,"[""data_center""]",,unmatched,,c_moratoria_geo_stub_v0,best_effort_place_county_stub_no_invented_fips
moratorium_nation,nc-city-of-boiling-spring-lakes-2026,NC,City of Boiling Spring Lakes,City,active,2026-06-02,2026-06,"[""data_center"",""cryptocurrency_mining""]",,unmatched,,c_moratoria_geo_stub_v0,best_effort_place_county_stub_no_invented_fips
moratorium_nation,nc-brevard-2026,NC,City of Brevard,City,replaced,2026-03-16,2026-03,"[""data_center""]",,unmatched,,c_moratoria_geo_stub_v0,best_effort_place_county_stub_no_invented_fips
moratorium_nation,nc-city-of-hendersonville-undated,NC,City of Hendersonville,City,pending,,,"[""data_center""]",,unmatched,,c_moratoria_geo_stub_v0,best_effort_place_county_stub_no_invented_fips
moratorium_nation,nc-kings-mountain-2026,NC,City of Kings Mountain,City,active,2026-02-24,2026-02,"[""data_center""]",,unmatched,,c_moratoria_geo_stub_v0,best_effort_place_county_stub_no_invented_fips
moratorium_nation,nc-city-of-mount-airy-2026,NC,City of Mount Airy,City,active,2026-07-16,2026-07,"[""data_center"",""cryptocurrency_mining""]",,unmatched,,c_moratoria_geo_stub_v0,best_effort_place_county_stub_no_invented_fips
moratorium_nation,nc-city-of-wilson-2026,NC,City of Wilson,City,active,2026-05-21,2026-05,"[""data_center"",""cryptocurrency_mining"",""battery_storage""]",,unmatched,,c_moratoria_geo_stub_v0,best_effort_place_county_stub_no_invented_fips
moratorium_nation,nc-clay-county-2026,NC,Clay County (permanent restriction after earlier crypto moratorium),County,active,2026-01-08,2026-01,"[""data_center"", ""cryptocurrency_mining""]",37043,county,,c_moratoria_geo_stub_v0,best_effort_place_county_stub_no_invented_fips
moratorium_nation,nc-cumberland-county-2026,NC,Cumberland County,County,active,2026-06-15,2026-06,"[""data_center"",""cryptocurrency_mining""]",37051,county,,c_moratoria_geo_stub_v0,best_effort_place_county_stub_no_invented_fips
moratorium_nation,nc-davie-county-2026,NC,Davie County,County,active,2026-07-06,2026-07,"[""data_center""]",37059,county,,c_moratoria_geo_stub_v0,best_effort_place_county_stub_no_invented_fips
moratorium_nation,nc-durham-2026,NC,Durham,City,extended,2026-05-05,2026-05,"[""data_center"",""cryptocurrency_mining""]",,ambiguous_place,37063|37135|37183,c_moratoria_geo_stub_v0,best_effort_place_county_stub_no_invented_fips
moratorium_nation,nc-durham-county-2026,NC,Durham County,County,active,2026-06-22,2026-06,"[""data_center""]",37063,county,,c_moratoria_geo_stub_v0,best_effort_place_county_stub_no_invented_fips
moratorium_nation,nc-eastern-band-of-cherokee-indians-tribal-and-trust-lands-2026,NC,Eastern Band of Cherokee Indians (tribal and trust lands),Tribal,pending,2026-05-07,2026-05,"[""data_center""]",,unmatched,,c_moratoria_geo_stub_v0,best_effort_place_county_stub_no_invented_fips
moratorium_nation,nc-gates-county-2025,NC,Gates County,County,active,2025-12-17,2025-12,"[""data_center""]",37073,county,,c_moratoria_geo_stub_v0,best_effort_place_county_stub_no_invented_fips
moratorium_nation,nc-harnett-county-2026,NC,Harnett County,County,active,2026-05-05,2026-05,"[""data_center""]",37085,county,,c_moratoria_geo_stub_v0,best_effort_place_county_stub_no_invented_fips
moratorium_nation,nc-henderson-county-2023,NC,Henderson County (cryptocurrency mining; data-center-adjacent),County,replaced,2023-05-01,2023-05,"[""cryptocurrency_mining""]",37089,county,,c_moratoria_geo_stub_v0,best_effort_place_county_stub_no_invented_fips
moratorium_nation,nc-madison-county-2023,NC,Madison County (cryptocurrency mining; data-center-adjacent),County,expired,2023-06-13,2023-06,"[""data_center"", ""cryptocurrency_mining""]",37115,county,,c_moratoria_geo_stub_v0,best_effort_place_county_stub_no_invented_fips
moratorium_nation,nc-mcdowell-county-2026,NC,McDowell County (cryptocurrency mining; data-center-adjacent),County,replaced,2023-05-15,2023-05,"[""cryptocurrency_mining""]",37111,county,,c_moratoria_geo_stub_v0,best_effort_place_county_stub_no_invented_fips
moratorium_nation,nc-northampton-county-2026,NC,Northampton County,County,active,2026-05-04,2026-05,"[""data_center"",""cryptocurrency_mining""]",37131,county,,c_moratoria_geo_stub_v0,best_effort_place_county_stub_no_invented_fips
moratorium_nation,nc-orange-county-2026,NC,Orange County,County,active,2026-04-21,2026-04,"[""data_center"", ""cryptocurrency_mining""]",37135,county,,c_moratoria_geo_stub_v0,best_effort_place_county_stub_no_invented_fips
moratorium_nation,nc-pasquotank-county-2026,NC,Pasquotank County,County,active,2026-05-18,2026-05,"[""data_center"",""cryptocurrency_mining""]",37139,county,,c_moratoria_geo_stub_v0,best_effort_place_county_stub_no_invented_fips
moratorium_nation,nc-rowan-county-2026,NC,Rowan County,County,active,2026-04-20,2026-04,"[""data_center""]",37159,county,,c_moratoria_geo_stub_v0,best_effort_place_county_stub_no_invented_fips
moratorium_nation,nc-surry-county-2026,NC,Surry County,County,extended,2026-06,2026-06,"[""data_center""]",37171,county,,c_moratoria_geo_stub_v0,best_effort_place_county_stub_no_invented_fips
moratorium_nation,nc-swain-county-2026,NC,Swain County,County,active,2026-04-21,2026-04,"[""data_center""]",37173,county,,c_moratoria_geo_stub_v0,best_effort_place_county_stub_no_invented_fips
moratorium_nation,nc-apex-2026,NC,Town of Apex,Town,active,2026-04-14,2026-04,"[""data_center""]",,unmatched,,c_moratoria_geo_stub_v0,best_effort_place_county_stub_no_invented_fips
moratorium_nation,nc-town-of-bailey-2026,NC,Town of Bailey,Town,active,2026-05-18,2026-05,"[""data_center""]",,unmatched,,c_moratoria_geo_stub_v0,best_effort_place_county_stub_no_invented_fips
moratorium_nation,nc-boone-2026,NC,Town of Boone,Town,active,2026-03-23,2026-03,"[""data_center""]",,unmatched,,c_moratoria_geo_stub_v0,best_effort_place_county_stub_no_invented_fips
moratorium_nation,nc-canton-2026,NC,Town of Canton,Town,active,2026-02-11,2026-02,"[""data_center"", ""cryptocurrency_mining""]",,unmatched,,c_moratoria_geo_stub_v0,best_effort_place_county_stub_no_invented_fips
moratorium_nation,nc-clyde-2026,NC,Town of Clyde,Town,active,2026-04-16,2026-04,"[""data_center""]",,unmatched,,c_moratoria_geo_stub_v0,best_effort_place_county_stub_no_invented_fips
moratorium_nation,nc-town-of-franklin-2026,NC,Town of Franklin,Town,active,2026-07-06,2026-07,"[""data_center""]",,unmatched,,c_moratoria_geo_stub_v0,best_effort_place_county_stub_no_invented_fips
moratorium_nation,nc-town-of-hillsborough-2026,NC,Town of Hillsborough,Town,extended,2026-05-27,2026-05,"[""data_center"",""cryptocurrency_mining""]",,unmatched,,c_moratoria_geo_stub_v0,best_effort_place_county_stub_no_invented_fips
moratorium_nation,nc-town-of-holly-springs-2026,NC,Town of Holly Springs,Town,active,2026-06-16,2026-06,"[""data_center"",""cryptocurrency_mining""]",,unmatched,,c_moratoria_geo_stub_v0,best_effort_place_county_stub_no_invented_fips
moratorium_nation,nc-town-of-spring-hope-2026,NC,Town of Spring Hope,Town,active,2026-05-04,2026-05,"[""data_center""]",,unmatched,,c_moratoria_geo_stub_v0,best_effort_place_county_stub_no_invented_fips
moratorium_nation,nc-wendell-2026,NC,Town of Wendell,Town,active,2026-04-13,2026-04,"[""data_center"", ""cryptocurrency_mining""]",,unmatched,,c_moratoria_geo_stub_v0,best_effort_place_county_stub_no_invented_fips
moratorium_nation,nc-town-of-woodfin-2026,NC,Town of Woodfin,Town,active,2026-05-19,2026-05,"[""data_center""]",,unmatched,,c_moratoria_geo_stub_v0,best_effort_place_county_stub_no_invented_fips
moratorium_nation,nc-watauga-county-2026,NC,Watauga County,County,active,2026-04-21,2026-04,"[""data_center""]",37189,county,,c_moratoria_geo_stub_v0,best_effort_place_county_stub_no_invented_fips
moratorium_nation,nd-barnes-county-2026,ND,Barnes County,County,active,2026-05-19,2026-05,"[""data_center""]",38003,county,,c_moratoria_geo_stub_v0,best_effort_place_county_stub_no_invented_fips
moratorium_nation,nd-dunn-county-2026,ND,Dunn County,County,active,2026-03-18,2026-03,"[""data_center"", ""solar"", ""battery_storage""]",38025,county,,c_moratoria_geo_stub_v0,best_effort_place_county_stub_no_invented_fips
moratorium_nation,nd-mercer-county-2026,ND,Mercer County,County,active,2026-03-03,2026-03,"[""data_center"", ""cryptocurrency_mining""]",38057,county,,c_moratoria_geo_stub_v0,best_effort_place_county_stub_no_invented_fips
moratorium_nation,nd-morton-county-2024,ND,Morton County,County,active,2024-09-12,2024-09,"[""data_center"", ""cryptocurrency_mining""]",38059,county,,c_moratoria_geo_stub_v0,best_effort_place_county_stub_no_invented_fips
moratorium_nation,nd-oliver-county-2024-p1,ND,Oliver County (Phase 1),County,rescinded,2024-12-12,2024-12,"[""data_center"", ""cryptocurrency_mining"", ""solar""]",38065,county,,c_moratoria_geo_stub_v0,best_effort_place_county_stub_no_invented_fips
moratorium_nation,nd-oliver-county-2025-p2,ND,Oliver County (Phase 2),County,expired,2025-05-06,2025-05,"[""data_center""]",38065,county,,c_moratoria_geo_stub_v0,best_effort_place_county_stub_no_invented_fips
moratorium_nation,nd-oliver-county-2026-p3,ND,Oliver County (Phase 3),County,rescinded,2026-03-13,2026-03,"[""data_center""]",38065,county,,c_moratoria_geo_stub_v0,best_effort_place_county_stub_no_invented_fips
moratorium_nation,nd-williams-county-2023,ND,Williams County,County,replaced,2023-06-20,2023-06,"[""data_center""]",38105,county,,c_moratoria_geo_stub_v0,best_effort_place_county_stub_no_invented_fips
moratorium_nation,oh-alliance-2026,OH,Alliance,City,active,2026-07-06,2026-07,"[""data_center""]",,ambiguous_place,39099|39151,c_moratoria_geo_stub_v0,best_effort_place_county_stub_no_invented_fips
moratorium_nation,oh-archbold-2026,OH,Archbold,Village,active,2026-04-06,2026-04,"[""data_center""]",39051,place,,c_moratoria_geo_stub_v0,best_effort_place_county_stub_no_invented_fips
moratorium_nation,oh-avon-2026,OH,Avon,City,active,2026-04-14,2026-04,"[""data_center""]",39093,place,,c_moratoria_geo_stub_v0,best_effort_place_county_stub_no_invented_fips
moratorium_nation,oh-berea-2026,OH,Berea,City,active,2026-06-15,2026-06,"[""data_center""]",39035,place,,c_moratoria_geo_stub_v0,best_effort_place_county_stub_no_invented_fips
moratorium_nation,oh-blanchester-2026,OH,Blanchester,Village,active,2026-03-12,2026-03,"[""data_center""]",,ambiguous_place,39027|39165,c_moratoria_geo_stub_v0,best_effort_place_county_stub_no_invented_fips
moratorium_nation,oh-braceville-township-2026,OH,Braceville Township,Township,active,2026-06-02,2026-06,"[""data_center""]",,unmatched,,c_moratoria_geo_stub_v0,best_effort_place_county_stub_no_invented_fips
moratorium_nation,oh-butler-county-2026,OH,Butler County,County,active,2026-06-16,2026-06,"[""data_center""]",39017,county,,c_moratoria_geo_stub_v0,best_effort_place_county_stub_no_invented_fips
moratorium_nation,oh-canton-township-2026,OH,Canton Township,Township,active,2026-04-09,2026-04,"[""data_center""]",39151,place,,c_moratoria_geo_stub_v0,best_effort_place_county_stub_no_invented_fips
moratorium_nation,oh-cincinnati-2026,OH,Cincinnati,City,extended,2026-02,2026-02,"[""data_center""]",39061,place,,c_moratoria_geo_stub_v0,best_effort_place_county_stub_no_invented_fips
moratorium_nation,oh-city-of-hubbard-2026,OH,City of Hubbard,City,active,2026-06-01,2026-06,"[""data_center""]",,unmatched,,c_moratoria_geo_stub_v0,best_effort_place_county_stub_no_invented_fips
moratorium_nation,oh-new-carlisle-2026,OH,City of New Carlisle,City,active,2026-02-17,2026-02,"[""data_center""]",,unmatched,,c_moratoria_geo_stub_v0,best_effort_place_county_stub_no_invented_fips
moratorium_nation,oh-norton-2025,OH,City of Norton,City,extended,2025-12-01,2025-12,"[""data_center""]",,unmatched,,c_moratoria_geo_stub_v0,best_effort_place_county_stub_no_invented_fips
moratorium_nation,oh-waterville-2025,OH,City of Waterville,City,expired,2025-12-08,2025-12,"[""data_center""]",,unmatched,,c_moratoria_geo_stub_v0,best_effort_place_county_stub_no_invented_fips
moratorium_nation,oh-cleveland-2026,OH,Cleveland,City,active,2026-07-15,2026-07,"[""data_center""]",39035,place,,c_moratoria_geo_stub_v0,best_effort_place_county_stub_no_invented_fips
moratorium_nation,oh-cortland-2026,OH,Cortland,City,active,2026-06-01,2026-06,"[""data_center""]",39155,place,,c_moratoria_geo_stub_v0,best_effort_place_county_stub_no_invented_fips
moratorium_nation,oh-defiance-undated,OH,Defiance,City,pending,,,"[""data_center""]",39039,place,,c_moratoria_geo_stub_v0,best_effort_place_county_stub_no_invented_fips
moratorium_nation,oh-findlay-2026,OH,Findlay,City,active,2026-04-21,2026-04,"[""data_center""]",39063,place,,c_moratoria_geo_stub_v0,best_effort_place_county_stub_no_invented_fips
moratorium_nation,oh-girard-undated,OH,Girard,City,pending,,,"[""data_center""]",39155,place,,c_moratoria_geo_stub_v0,best_effort_place_county_stub_no_invented_fips
moratorium_nation,oh-grafton-2026,OH,Grafton,Village,active,2026-05-19,2026-05,"[""data_center""]",39093,place,,c_moratoria_geo_stub_v0,best_effort_place_county_stub_no_invented_fips
moratorium_nation,oh-grove-city-2026,OH,Grove City,City,active,2026-06-01,2026-06,"[""data_center""]",39049,place,,c_moratoria_geo_stub_v0,best_effort_place_county_stub_no_invented_fips
moratorium_nation,oh-howland-township-2026,OH,Howland Township,Township,active,2026-06-10,2026-06,"[""data_center""]",,unmatched,,c_moratoria_geo_stub_v0,best_effort_place_county_stub_no_invented_fips
moratorium_nation,oh-hubbard-township-2026,OH,Hubbard Township,Township,active,2026-02-10,2026-02,"[""general""]",39155,place,,c_moratoria_geo_stub_v0,best_effort_place_county_stub_no_invented_fips
moratorium_nation,oh-jackson-township-franklin-county-2026,OH,Jackson Township (Franklin County),Township,active,2026-05-12,2026-05,"[""data_center""]",39079,county,,c_moratoria_geo_stub_v0,best_effort_place_county_stub_no_invented_fips
moratorium_nation,oh-jerome-township-2025,OH,Jerome Township,Township,expired,2025-09-03,2025-09,"[""data_center""]",,unmatched,,c_moratoria_geo_stub_v0,best_effort_place_county_stub_no_invented_fips
moratorium_nation,oh-kent-2026,OH,Kent,City,active,2026-04-15,2026-04,"[""data_center""]",39133,place,,c_moratoria_geo_stub_v0,best_effort_place_county_stub_no_invented_fips
moratorium_nation,oh-lake-township-2026,OH,Lake Township,Township,active,2026-03-03,2026-03,"[""data_center""]",39085,county_name,,c_moratoria_geo_stub_v0,best_effort_place_county_stub_no_invented_fips
moratorium_nation,oh-massillon-2026,OH,Massillon,City,active,2026-04-06,2026-04,"[""data_center""]",39151,place,,c_moratoria_geo_stub_v0,best_effort_place_county_stub_no_invented_fips
moratorium_nation,oh-maumee-2026,OH,Maumee,City,active,2026-02-02,2026-02,"[""data_center""]",39095,place,,c_moratoria_geo_stub_v0,best_effort_place_county_stub_no_invented_fips
moratorium_nation,oh-monclova-township-2026,OH,Monclova Township,Township,active,2026-02-17,2026-02,"[""data_center""]",,unmatched,,c_moratoria_geo_stub_v0,best_effort_place_county_stub_no_invented_fips
moratorium_nation,oh-montgomery-township-2026,OH,Montgomery Township,Township,active,2026-06-17,2026-06,"[""data_center""]",39061,place,,c_moratoria_geo_stub_v0,best_effort_place_county_stub_no_invented_fips
moratorium_nation,oh-mount-orab-2026,OH,Mount Orab,Village,active,2026-03-03,2026-03,"[""data_center""]",39015,place,,c_moratoria_geo_stub_v0,best_effort_place_county_stub_no_invented_fips
moratorium_nation,oh-pierce-township-2026,OH,Pierce Township,Township,active,2026-02-11,2026-02,"[""data_center""]",,unmatched,,c_moratoria_geo_stub_v0,best_effort_place_county_stub_no_invented_fips
moratorium_nation,oh-plain-city-undated,OH,Plain City,Village,pending,,,"[""data_center""]",,ambiguous_place,39097|39159,c_moratoria_geo_stub_v0,best_effort_place_county_stub_no_invented_fips
moratorium_nation,oh-plain-township-2026,OH,Plain Township,Township,active,2026-03-24,2026-03,"[""data_center""]",,ambiguous_place,39097|39159,c_moratoria_geo_stub_v0,best_effort_place_county_stub_no_invented_fips
moratorium_nation,oh-providence-township-2026,OH,Providence Township,Township,active,2026-04-15,2026-04,"[""data_center""]",,unmatched,,c_moratoria_geo_stub_v0,best_effort_place_county_stub_no_invented_fips
moratorium_nation,oh-ravenna-2026,OH,Ravenna,City,active,2026-04-20,2026-04,"[""data_center"", ""cryptocurrency_mining""]",39133,place,,c_moratoria_geo_stub_v0,best_effort_place_county_stub_no_invented_fips
moratorium_nation,oh-richfield-township-2026,OH,Richfield Township,Township,active,2026-02-17,2026-02,"[""data_center""]",39153,place,,c_moratoria_geo_stub_v0,best_effort_place_county_stub_no_invented_fips
moratorium_nation,oh-scioto-township-2026,OH,Scioto Township,Township,active,2026-03-05,2026-03,"[""data_center""]",39145,county_name,,c_moratoria_geo_stub_v0,best_effort_place_county_stub_no_invented_fips
moratorium_nation,oh-shawnee-township-2026,OH,Shawnee Township,Township,active,2026-04-13,2026-04,"[""data_center"", ""battery_storage"", ""solar""]",,ambiguous_place,39061|39127,c_moratoria_geo_stub_v0,best_effort_place_county_stub_no_invented_fips
moratorium_nation,oh-south-bloomfield-2025,OH,South Bloomfield,Village,replaced,2025-12-15,2025-12,"[""data_center""]",39129,place,,c_moratoria_geo_stub_v0,best_effort_place_county_stub_no_invented_fips
moratorium_nation,oh-spencer-township-2026,OH,Spencer Township,Township,active,2026-03-05,2026-03,"[""data_center""]",39103,place,,c_moratoria_geo_stub_v0,best_effort_place_county_stub_no_invented_fips
moratorium_nation,oh-sprigg-township-2026,OH,Sprigg Township,Township,active,2026-03-02,2026-03,"[""data_center""]",,unmatched,,c_moratoria_geo_stub_v0,best_effort_place_county_stub_no_invented_fips
moratorium_nation,oh-springfield-2026,OH,Springfield,City,active,2026-07-14,2026-07,"[""data_center""]",39023,place,,c_moratoria_geo_stub_v0,best_effort_place_county_stub_no_invented_fips
moratorium_nation,oh-st-marys-2026,OH,St. Marys,City,active,2026-06-22,2026-06,"[""data_center""]",39011,place,,c_moratoria_geo_stub_v0,best_effort_place_county_stub_no_invented_fips
moratorium_nation,oh-tallmadge-2026,OH,Tallmadge,City,active,2026-04-13,2026-04,"[""data_center""]",,ambiguous_place,39133|39153,c_moratoria_geo_stub_v0,best_effort_place_county_stub_no_invented_fips
moratorium_nation,oh-tiffin-2026,OH,Tiffin,City,active,2026-04-20,2026-04,"[""data_center""]",39147,place,,c_moratoria_geo_stub_v0,best_effort_place_county_stub_no_invented_fips
moratorium_nation,oh-vermilion-2026,OH,Vermilion,City,active,2026-03-23,2026-03,"[""data_center""]",,ambiguous_place,39043|39093,c_moratoria_geo_stub_v0,best_effort_place_county_stub_no_invented_fips
moratorium_nation,oh-ashville-2025,OH,Village of Ashville,Village,extended,2025-12-22,2025-12,"[""data_center""]",,unmatched,,c_moratoria_geo_stub_v0,best_effort_place_county_stub_no_invented_fips
moratorium_nation,oh-lordstown-2026,OH,Village of Lordstown,Village,extended,2026-01-05,2026-01,"[""data_center""]",,unmatched,,c_moratoria_geo_stub_v0,best_effort_place_county_stub_no_invented_fips
moratorium_nation,oh-washington-township-2025,OH,Washington Township,Township,extended,2025-12-08,2025-12,"[""data_center""]",39167,county_name,,c_moratoria_geo_stub_v0,best_effort_place_county_stub_no_invented_fips
moratorium_nation,oh-waterville-township-2025,OH,Waterville Township,Township,active,2025-12-17,2025-12,"[""data_center""]",39095,place,,c_moratoria_geo_stub_v0,best_effort_place_county_stub_no_invented_fips
moratorium_nation,oh-williamsburg-2026,OH,Williamsburg,Village,active,2026-03-12,2026-03,"[""data_center""]",39025,place,,c_moratoria_geo_stub_v0,best_effort_place_county_stub_no_invented_fips
moratorium_nation,oh-yellow-springs-2026,OH,Yellow Springs,Village,active,2026-05-18,2026-05,"[""data_center""]",39057,place,,c_moratoria_geo_stub_v0,best_effort_place_county_stub_no_invented_fips
moratorium_nation,ok-broken-arrow-2026,OK,Broken Arrow,City,active,2026-06-15,2026-06,"[""data_center""]",,ambiguous_place,40143|40145,c_moratoria_geo_stub_v0,best_effort_place_county_stub_no_invented_fips
moratorium_nation,ok-edmond-2026,OK,Edmond,City,active,2026-06-08,2026-06,"[""data_center""]",40109,place,,c_moratoria_geo_stub_v0,best_effort_place_county_stub_no_invented_fips
moratorium_nation,ok-luther-2026,OK,Luther,Town,active,2026-06-17,2026-06,"[""data_center""]",40109,place,,c_moratoria_geo_stub_v0,best_effort_place_county_stub_no_invented_fips
moratorium_nation,ok-norman-2026,OK,Norman,City,active,2026-06-23,2026-06,"[""data_center""]",40027,place,,c_moratoria_geo_stub_v0,best_effort_place_county_stub_no_invented_fips
moratorium_nation,ok-oklahoma-city-2026,OK,Oklahoma City,City,active,2026-04-21,2026-04,"[""data_center""]",,ambiguous_place,40017|40027|40109|40125,c_moratoria_geo_stub_v0,best_effort_place_county_stub_no_invented_fips
moratorium_nation,ok-pawhuska-2026,OK,Pawhuska,City,active,2026-04-14,2026-04,"[""data_center""]",40113,place,,c_moratoria_geo_stub_v0,best_effort_place_county_stub_no_invented_fips
moratorium_nation,ok-seminole-nation-of-oklahoma-2026,OK,Seminole Nation of Oklahoma,Tribal,active,2026-03-07,2026-03,"[""data_center""]",,unmatched,,c_moratoria_geo_stub_v0,best_effort_place_county_stub_no_invented_fips
moratorium_nation,ok-tulsa-2026,OK,Tulsa,City,active,2026-03-25,2026-03,"[""data_center""]",,ambiguous_place,40113|40131|40143|40145,c_moratoria_geo_stub_v0,best_effort_place_county_stub_no_invented_fips
moratorium_nation,or-city-of-hillsboro-2026,OR,City of Hillsboro,City,active,2026-07-27,2026-07,"[""data_center"",""battery_storage""]",,unmatched,,c_moratoria_geo_stub_v0,best_effort_place_county_stub_no_invented_fips
moratorium_nation,pa-bensalem-township-2026,PA,Bensalem Township,Township,active,2026-06-08,2026-06,"[""data_center"",""solar"",""wind""]",,unmatched,,c_moratoria_geo_stub_v0,best_effort_place_county_stub_no_invented_fips
moratorium_nation,pa-brookville-borough-2026,PA,Brookville Borough,Other,active,2026-06-16,2026-06,"[""data_center""]",42065,place,,c_moratoria_geo_stub_v0,best_effort_place_county_stub_no_invented_fips
moratorium_nation,pa-butler-township-2026,PA,Butler Township,Township,active,2026-05-12,2026-05,"[""data_center""]",42019,place,,c_moratoria_geo_stub_v0,best_effort_place_county_stub_no_invented_fips
moratorium_nation,pa-center-township-2026,PA,Center Township,Township,active,2026-06-10,2026-06,"[""data_center"",""general""]",,unmatched,,c_moratoria_geo_stub_v0,best_effort_place_county_stub_no_invented_fips
moratorium_nation,pa-hazle-township-2026,PA,Hazle Township,Township,active,2026-06-08,2026-06,"[""data_center""]",,unmatched,,c_moratoria_geo_stub_v0,best_effort_place_county_stub_no_invented_fips
moratorium_nation,pa-lycoming-county-2026,PA,Lycoming County,County,active,2026-06-18,2026-06,"[""data_center""]",42081,county,,c_moratoria_geo_stub_v0,best_effort_place_county_stub_no_invented_fips
moratorium_nation,pa-montour-county-2025,PA,Montour County,County,replaced,2025-11-18,2025-11,"[""data_center""]",42093,county,,c_moratoria_geo_stub_v0,best_effort_place_county_stub_no_invented_fips
moratorium_nation,pa-muncy-township-2026,PA,Muncy Township,Township,active,2026-04-28,2026-04,"[""data_center""]",42081,place,,c_moratoria_geo_stub_v0,best_effort_place_county_stub_no_invented_fips
moratorium_nation,pa-warrington-township-2026,PA,Warrington Township,Township,active,2026-05-13,2026-05,"[""data_center""]",,unmatched,,c_moratoria_geo_stub_v0,best_effort_place_county_stub_no_invented_fips
moratorium_nation,sc-chester-county-2026,SC,Chester County,County,active,2026-07-20,2026-07,"[""data_center""]",45023,county,,c_moratoria_geo_stub_v0,best_effort_place_county_stub_no_invented_fips
moratorium_nation,sc-chesterfield-county-2026,SC,Chesterfield County,County,active,2026-06-01,2026-06,"[""data_center"",""cryptocurrency_mining""]",45025,county,,c_moratoria_geo_stub_v0,best_effort_place_county_stub_no_invented_fips
moratorium_nation,sc-colleton-county-2026,SC,Colleton County,County,active,2026-07-06,2026-07,"[""data_center""]",45029,county,,c_moratoria_geo_stub_v0,best_effort_place_county_stub_no_invented_fips
moratorium_nation,sc-greenwood-county-2026,SC,Greenwood County,County,active,2026-07-21,2026-07,"[""data_center""]",45047,county,,c_moratoria_geo_stub_v0,best_effort_place_county_stub_no_invented_fips
moratorium_nation,sc-newberry-county-2026,SC,Newberry County,County,active,2026-06-05,2026-06,"[""data_center""]",45071,county,,c_moratoria_geo_stub_v0,best_effort_place_county_stub_no_invented_fips
moratorium_nation,sc-york-county-2026,SC,York County,County,active,2026-07-13,2026-07,"[""data_center""]",45091,county,,c_moratoria_geo_stub_v0,best_effort_place_county_stub_no_invented_fips
moratorium_nation,sd-yankton-county-2026,SD,Yankton County,County,active,2026-07-21,2026-07,"[""data_center"",""cryptocurrency_mining""]",46135,county,,c_moratoria_geo_stub_v0,best_effort_place_county_stub_no_invented_fips
moratorium_nation,tn-anderson-county-2026,TN,Anderson County,County,active,2026-06-15,2026-06,"[""data_center"",""cryptocurrency_mining"",""battery_storage""]",47001,county,,c_moratoria_geo_stub_v0,best_effort_place_county_stub_no_invented_fips
moratorium_nation,tn-bristol-2025,TN,Bristol,City,active,2025-10-24,2025-10,"[""data_center"", ""cryptocurrency_mining""]",47163,place,,c_moratoria_geo_stub_v0,best_effort_place_county_stub_no_invented_fips
moratorium_nation,tn-cedar-hill-2026,TN,Cedar Hill,Town,active,2026-06-01,2026-06,"[""data_center"",""cryptocurrency_mining""]",47147,place,,c_moratoria_geo_stub_v0,best_effort_place_county_stub_no_invented_fips
moratorium_nation,tn-clinton-2026,TN,Clinton,City,active,2026-06-22,2026-06,"[""data_center""]",47001,place,,c_moratoria_geo_stub_v0,best_effort_place_county_stub_no_invented_fips
moratorium_nation,tn-coffee-county-2026,TN,Coffee County,County,active,2026-06-09,2026-06,"[""data_center""]",47031,county,,c_moratoria_geo_stub_v0,best_effort_place_county_stub_no_invented_fips
moratorium_nation,tn-crossville-undated,TN,Crossville,City,pending,,,"[""data_center""]",47035,place,,c_moratoria_geo_stub_v0,best_effort_place_county_stub_no_invented_fips
moratorium_nation,tn-cumberland-county-2026,TN,Cumberland County,County,active,2026-06-15,2026-06,"[""data_center""]",47035,county,,c_moratoria_geo_stub_v0,best_effort_place_county_stub_no_invented_fips
moratorium_nation,tn-grundy-county-2026,TN,Grundy County,County,active,2026-05-18,2026-05,"[""data_center"",""cryptocurrency_mining""]",47061,county,,c_moratoria_geo_stub_v0,best_effort_place_county_stub_no_invented_fips
moratorium_nation,tn-hawkins-county-2025,TN,Hawkins County,County,active,2025-09-22,2025-09,"[""data_center"", ""cryptocurrency_mining""]",47073,county,,c_moratoria_geo_stub_v0,best_effort_place_county_stub_no_invented_fips
moratorium_nation,tn-johnson-city-2025,TN,Johnson City,City,replaced,2025-06-05,2025-06,"[""data_center"", ""cryptocurrency_mining""]",,ambiguous_place,47019|47163|47179,c_moratoria_geo_stub_v0,best_effort_place_county_stub_no_invented_fips
moratorium_nation,tn-jonesborough-2025,TN,Jonesborough,Town,replaced,2025-10-13,2025-10,"[""data_center"", ""cryptocurrency_mining""]",47179,place,,c_moratoria_geo_stub_v0,best_effort_place_county_stub_no_invented_fips
moratorium_nation,tn-knox-county-2026,TN,Knox County,County,active,2026-06-22,2026-06,"[""data_center""]",47093,county,,c_moratoria_geo_stub_v0,best_effort_place_county_stub_no_invented_fips
moratorium_nation,tn-knoxville-2026,TN,Knoxville,City,active,2026-07-07,2026-07,"[""data_center""]",47093,place,,c_moratoria_geo_stub_v0,best_effort_place_county_stub_no_invented_fips
moratorium_nation,tn-loudon-county-2026,TN,Loudon County,County,active,2026-06-29,2026-06,"[""data_center""]",47105,county,,c_moratoria_geo_stub_v0,best_effort_place_county_stub_no_invented_fips
moratorium_nation,tn-mcminnville-2026,TN,McMinnville,City,active,2026-06-03,2026-06,"[""data_center""]",47177,place,,c_moratoria_geo_stub_v0,best_effort_place_county_stub_no_invented_fips
moratorium_nation,tn-morgan-county-2026,TN,Morgan County,County,active,2026-06-12,2026-06,"[""data_center""]",47129,county,,c_moratoria_geo_stub_v0,best_effort_place_county_stub_no_invented_fips
moratorium_nation,tn-nashville-davidson-county-2026,TN,Nashville-Davidson County,City,active,2026-07-24,2026-07,"[""data_center""]",,unmatched,,c_moratoria_geo_stub_v0,best_effort_place_county_stub_no_invented_fips
moratorium_nation,tn-shelbyville-2026,TN,Shelbyville,City,active,2026-07-07,2026-07,"[""data_center"",""cryptocurrency_mining""]",47003,place,,c_moratoria_geo_stub_v0,best_effort_place_county_stub_no_invented_fips
moratorium_nation,tn-smithville-undated,TN,Smithville,City,pending,,,"[""data_center"",""cryptocurrency_mining""]",47041,place,,c_moratoria_geo_stub_v0,best_effort_place_county_stub_no_invented_fips
moratorium_nation,tn-sullivan-county-2025,TN,Sullivan County,County,expired,2025-12-18,2025-12,"[""data_center"", ""cryptocurrency_mining""]",47163,county,,c_moratoria_geo_stub_v0,best_effort_place_county_stub_no_invented_fips
moratorium_nation,tn-unincorporated-hamilton-county-2026,TN,Unincorporated Hamilton County,County,active,2026-07-15,2026-07,"[""data_center""]",,unmatched,,c_moratoria_geo_stub_v0,best_effort_place_county_stub_no_invented_fips
moratorium_nation,tn-warren-county-2026,TN,Warren County,County,active,2026-06-22,2026-06,"[""data_center""]",47177,county,,c_moratoria_geo_stub_v0,best_effort_place_county_stub_no_invented_fips
moratorium_nation,tn-washington-county-2026,TN,Washington County,County,active,2026-03-23,2026-03,"[""data_center"", ""cryptocurrency_mining""]",47179,county,,c_moratoria_geo_stub_v0,best_effort_place_county_stub_no_invented_fips
moratorium_nation,tn-white-county-2026,TN,White County,County,active,2026-07,2026-07,"[""data_center""]",47185,county,,c_moratoria_geo_stub_v0,best_effort_place_county_stub_no_invented_fips
moratorium_nation,tx-austin-county-2026,TX,Austin County,County,pending,2026-07-27,2026-07,"[""data_center"",""battery_storage""]",48015,county,,c_moratoria_geo_stub_v0,best_effort_place_county_stub_no_invented_fips
moratorium_nation,tx-harlingen-2026,TX,Harlingen,City,active,2026-05,2026-05,"[""data_center""]",48061,place,,c_moratoria_geo_stub_v0,best_effort_place_county_stub_no_invented_fips
moratorium_nation,tx-hill-county-2026,TX,Hill County,County,rescinded,2026-05-12,2026-05,"[""data_center""]",48217,county,,c_moratoria_geo_stub_v0,best_effort_place_county_stub_no_invented_fips
moratorium_nation,ut-box-elder-county-2026,UT,Box Elder County,County,active,2026-06-10,2026-06,"[""data_center""]",49003,county,,c_moratoria_geo_stub_v0,best_effort_place_county_stub_no_invented_fips
moratorium_nation,ut-cache-county-2026,UT,Cache County,County,active,2026-06-23,2026-06,"[""data_center""]",49005,county,,c_moratoria_geo_stub_v0,best_effort_place_county_stub_no_invented_fips
moratorium_nation,ut-grand-county-2026,UT,Grand County,County,active,2026-07-07,2026-07,"[""data_center""]",49019,county,,c_moratoria_geo_stub_v0,best_effort_place_county_stub_no_invented_fips
moratorium_nation,ut-iron-county-2026,UT,Iron County,County,active,2026-05-26,2026-05,"[""data_center"",""solar""]",49021,county,,c_moratoria_geo_stub_v0,best_effort_place_county_stub_no_invented_fips
moratorium_nation,ut-logan-2026,UT,Logan,City,active,2026-06-30,2026-06,"[""data_center""]",49005,place,,c_moratoria_geo_stub_v0,best_effort_place_county_stub_no_invented_fips
moratorium_nation,ut-wayne-county-2026,UT,Wayne County,County,active,2026-07-08,2026-07,"[""data_center""]",49055,county,,c_moratoria_geo_stub_v0,best_effort_place_county_stub_no_invented_fips
moratorium_nation,va-city-of-chesapeake-2026,VA,City of Chesapeake,City,active,2026-07-21,2026-07,"[""data_center""]",,unmatched,,c_moratoria_geo_stub_v0,best_effort_place_county_stub_no_invented_fips
moratorium_nation,va-fluvanna-county-2025,VA,Fluvanna County,County,replaced,2025-09-17,2025-09,"[""data_center""]",51065,county,,c_moratoria_geo_stub_v0,best_effort_place_county_stub_no_invented_fips
moratorium_nation,wa-burien-2026,WA,Burien,City,active,2026-06-29,2026-06,"[""data_center""]",53033,place,,c_moratoria_geo_stub_v0,best_effort_place_county_stub_no_invented_fips
moratorium_nation,wa-chelan-2018,WA,City of Chelan,City,expired,2018-04-24,2018-04,"[""cryptocurrency_mining""]",,unmatched,,c_moratoria_geo_stub_v0,best_effort_place_county_stub_no_invented_fips
moratorium_nation,wa-cheney-2018,WA,City of Cheney,City,expired,2018-04-21,2018-04,"[""cryptocurrency_mining""]",,unmatched,,c_moratoria_geo_stub_v0,best_effort_place_county_stub_no_invented_fips
moratorium_nation,wa-east-wenatchee-2018,WA,City of East Wenatchee,City,replaced,2018-03-27,2018-03,"[""data_center"", ""cryptocurrency_mining""]",,unmatched,,c_moratoria_geo_stub_v0,best_effort_place_county_stub_no_invented_fips
moratorium_nation,wa-entiat-2018,WA,City of Entiat,City,expired,2018,,"[""cryptocurrency_mining""]",,unmatched,,c_moratoria_geo_stub_v0,best_effort_place_county_stub_no_invented_fips
moratorium_nation,wa-ephrata-2018,WA,City of Ephrata,City,expired,2018-10-17,2018-10,"[""cryptocurrency_mining""]",,unmatched,,c_moratoria_geo_stub_v0,best_effort_place_county_stub_no_invented_fips
moratorium_nation,wa-leavenworth-2018,WA,City of Leavenworth,City,replaced,2018-03-27,2018-03,"[""cryptocurrency_mining""]",,unmatched,,c_moratoria_geo_stub_v0,best_effort_place_county_stub_no_invented_fips
moratorium_nation,wa-moses-lake-2018,WA,City of Moses Lake,City,replaced,2018-05,2018-05,"[""cryptocurrency_mining""]",,unmatched,,c_moratoria_geo_stub_v0,best_effort_place_county_stub_no_invented_fips
moratorium_nation,wa-seattle-2026,WA,City of Seattle,City,active,2026-06-09,2026-06,"[""data_center""]",,unmatched,,c_moratoria_geo_stub_v0,best_effort_place_county_stub_no_invented_fips
moratorium_nation,wa-wenatchee-2018,WA,City of Wenatchee,City,replaced,2018-02-22,2018-02,"[""data_center"", ""cryptocurrency_mining""]",,unmatched,,c_moratoria_geo_stub_v0,best_effort_place_county_stub_no_invented_fips
moratorium_nation,wa-douglas-county-2018,WA,Douglas County,County,replaced,2018-04,2018-04,"[""cryptocurrency_mining""]",53017,county,,c_moratoria_geo_stub_v0,best_effort_place_county_stub_no_invented_fips
moratorium_nation,wa-federal-way-2026,WA,Federal Way,City,active,2026-07-07,2026-07,"[""data_center""]",53033,place,,c_moratoria_geo_stub_v0,best_effort_place_county_stub_no_invented_fips
moratorium_nation,wa-marysville-2026,WA,Marysville,City,active,2026-07-13,2026-07,"[""data_center""]",53061,place,,c_moratoria_geo_stub_v0,best_effort_place_county_stub_no_invented_fips
moratorium_nation,wa-pasco-undated,WA,Pasco,City,active,,,"[""data_center"",""cryptocurrency_mining""]",53021,place,,c_moratoria_geo_stub_v0,best_effort_place_county_stub_no_invented_fips
moratorium_nation,wa-seattle-2026-2,WA,Seattle,City,active,2026-06-09,2026-06,"[""data_center""]",53033,place,,c_moratoria_geo_stub_v0,best_effort_place_county_stub_no_invented_fips
moratorium_nation,wa-skagit-county-2026,WA,Skagit County,County,active,2026-06-01,2026-06,"[""data_center""]",53057,county,,c_moratoria_geo_stub_v0,best_effort_place_county_stub_no_invented_fips
moratorium_nation,wa-snohomish-county-2026,WA,Snohomish County,County,active,2026-06-24,2026-06,"[""data_center""]",53061,county,,c_moratoria_geo_stub_v0,best_effort_place_county_stub_no_invented_fips
moratorium_nation,wa-spokane-2026,WA,Spokane,City,active,2026-06-23,2026-06,"[""data_center""]",53063,place,,c_moratoria_geo_stub_v0,best_effort_place_county_stub_no_invented_fips
moratorium_nation,wa-waterville-2018,WA,Town of Waterville,Town,expired,2018,,"[""cryptocurrency_mining""]",,unmatched,,c_moratoria_geo_stub_v0,best_effort_place_county_stub_no_invented_fips
moratorium_nation,wi-madison-2026,WI,City of Madison,City,active,2026-01-24,2026-01,"[""data_center""]",,unmatched,,c_moratoria_geo_stub_v0,best_effort_place_county_stub_no_invented_fips
moratorium_nation,wi-city-of-sheboygan-2026,WI,City of Sheboygan,City,active,2026-07-20,2026-07,"[""data_center""]",,unmatched,,c_moratoria_geo_stub_v0,best_effort_place_county_stub_no_invented_fips
moratorium_nation,wi-city-of-superior-2026,WI,City of Superior,City,active,2026-06-16,2026-06,"[""data_center""]",,unmatched,,c_moratoria_geo_stub_v0,best_effort_place_county_stub_no_invented_fips
moratorium_nation,wi-dane-county-2026,WI,Dane County,County,active,2026-06-04,2026-06,"[""data_center""]",55025,county,,c_moratoria_geo_stub_v0,best_effort_place_county_stub_no_invented_fips
moratorium_nation,wi-door-county-2026,WI,Door County,County,active,2026-05-26,2026-05,"[""data_center"",""battery_storage""]",55029,county,,c_moratoria_geo_stub_v0,best_effort_place_county_stub_no_invented_fips
moratorium_nation,wi-grant-county-2026,WI,Grant County,County,active,2026-06-16,2026-06,"[""data_center""]",55043,county,,c_moratoria_geo_stub_v0,best_effort_place_county_stub_no_invented_fips
moratorium_nation,wi-green-county-2026,WI,Green County,County,active,2026-07-14,2026-07,"[""data_center""]",55045,county,,c_moratoria_geo_stub_v0,best_effort_place_county_stub_no_invented_fips
moratorium_nation,wi-la-crosse-county-2026,WI,La Crosse County,County,active,2026-06-18,2026-06,"[""data_center""]",55063,county,,c_moratoria_geo_stub_v0,best_effort_place_county_stub_no_invented_fips
moratorium_nation,wi-manitowoc-county-2026,WI,Manitowoc County,County,active,2026-04-28,2026-04,"[""data_center""]",55071,county,,c_moratoria_geo_stub_v0,best_effort_place_county_stub_no_invented_fips
moratorium_nation,wi-monroe-county-2026,WI,Monroe County,County,active,2026-07-21,2026-07,"[""data_center"",""battery_storage""]",55081,county,,c_moratoria_geo_stub_v0,best_effort_place_county_stub_no_invented_fips
moratorium_nation,wi-shawano-county-2026,WI,Shawano County,County,active,2026-06-24,2026-06,"[""data_center""]",55115,county,,c_moratoria_geo_stub_v0,best_effort_place_county_stub_no_invented_fips
moratorium_nation,wi-town-of-new-denmark-2026,WI,Town of New Denmark,Town,active,2026-06-08,2026-06,"[""data_center""]",,unmatched,,c_moratoria_geo_stub_v0,best_effort_place_county_stub_no_invented_fips
moratorium_nation,wi-village-of-ashwaubenon-2026,WI,Village of Ashwaubenon,Village,active,2026-06-23,2026-06,"[""data_center""]",,unmatched,,c_moratoria_geo_stub_v0,best_effort_place_county_stub_no_invented_fips
moratorium_nation,wi-village-of-cottage-grove-2026,WI,Village of Cottage Grove,Village,active,2026-07-20,2026-07,"[""data_center""]",,unmatched,,c_moratoria_geo_stub_v0,best_effort_place_county_stub_no_invented_fips
moratorium_nation,wi-village-of-hobart-2026,WI,Village of Hobart,Village,active,2026-07-07,2026-07,"[""data_center""]",,unmatched,,c_moratoria_geo_stub_v0,best_effort_place_county_stub_no_invented_fips
moratorium_nation,wi-village-of-wrightstown-2026,WI,Village of Wrightstown,Village,active,2026-06-16,2026-06,"[""data_center""]",,unmatched,,c_moratoria_geo_stub_v0,best_effort_place_county_stub_no_invented_fips
